timestamp,x,y,z
1.4567E+15,-0.0400391,-0.761719,0.682129
1.4567E+15,-0.0336914,-0.768555,0.680664
1.4567E+15,-0.0341797,-0.77002,0.682617
1.4567E+15,-0.0400391,-0.773438,0.674805
1.4567E+15,-0.0332031,-0.779297,0.664063
1.4567E+15,-0.0234375,-0.756836,0.667969
1.4567E+15,-0.0292969,-0.749023,0.67041
1.4567E+15,-0.0419922,-0.75,0.659668
1.4567E+15,-0.0405273,-0.772461,0.658691
1.4567E+15,-0.0385742,-0.780273,0.649902
1.4567E+15,-0.0332031,-0.769531,0.663574
1.4567E+15,-0.0380859,-0.759766,0.672363
1.4567E+15,-0.0268555,-0.769043,0.670898
1.4567E+15,-0.0234375,-0.761719,0.669922
1.4567E+15,-0.0375977,-0.756348,0.671387
1.4567E+15,-0.034668,-0.765625,0.666016
1.4567E+15,-0.0283203,-0.771973,0.664063
1.4567E+15,-0.0283203,-0.766113,0.673828
1.4567E+15,-0.0317383,-0.770996,0.673828
1.4567E+15,-0.0439453,-0.765137,0.665039
1.4567E+15,-0.0400391,-0.76709,0.666016
1.4567E+15,-0.0297852,-0.768066,0.672363
1.4567E+15,-0.03125,-0.765625,0.664551
1.4567E+15,-0.0258789,-0.762207,0.659668
1.4567E+15,-0.0307617,-0.76416,0.666016
1.4567E+15,-0.0336914,-0.766113,0.665527
1.4567E+15,-0.0341797,-0.763184,0.678223
1.4567E+15,-0.0356445,-0.770996,0.671875
1.4567E+15,-0.0351563,-0.774414,0.676758
1.4567E+15,-0.0341797,-0.770508,0.671387
1.4567E+15,-0.0385742,-0.760742,0.671387
1.4567E+15,-0.0351563,-0.766602,0.671387
1.4567E+15,-0.0302734,-0.771484,0.672363
1.4567E+15,-0.0283203,-0.766602,0.667969
1.4567E+15,-0.0288086,-0.765137,0.662109
1.4567E+15,-0.0292969,-0.764648,0.664551
1.4567E+15,-0.0356445,-0.766113,0.67334
1.4567E+15,-0.034668,-0.76709,0.672363
1.4567E+15,-0.0415039,-0.768555,0.672852
1.4567E+15,-0.0356445,-0.77002,0.665527
1.4567E+15,-0.0317383,-0.768066,0.652344
1.4567E+15,-0.0263672,-0.766602,0.658203
1.4567E+15,-0.0288086,-0.760742,0.661133
1.4567E+15,-0.0302734,-0.766113,0.66748
1.4567E+15,-0.0249023,-0.775391,0.662109
1.4567E+15,-0.0258789,-0.773926,0.682129
1.4567E+15,-0.0390625,-0.758301,0.690918
1.4567E+15,-0.0405273,-0.760254,0.687988
1.4567E+15,-0.0263672,-0.767578,0.67627
1.4567E+15,-0.0380859,-0.770996,0.65625
1.4567E+15,-0.0258789,-0.769531,0.659668
1.4567E+15,-0.0239258,-0.77002,0.662598
1.4567E+15,-0.0214844,-0.76709,0.669434
1.4567E+15,-0.0253906,-0.766113,0.672852
1.4567E+15,-0.0229492,-0.765137,0.661621
1.4567E+15,-0.0273438,-0.770996,0.666992
1.4567E+15,-0.0292969,-0.763184,0.662109
1.4567E+15,-0.0273438,-0.762207,0.668457
1.4567E+15,-0.019043,-0.765625,0.661621
1.4567E+15,-0.0170898,-0.756836,0.665039
1.4567E+15,-0.00830078,-0.744629,0.668457
1.4567E+15,-0.0244141,-0.760742,0.661621
1.4567E+15,-0.0273438,-0.788086,0.676758
1.4567E+15,-0.0229492,-0.791504,0.680664
1.4567E+15,-0.0351563,-0.746582,0.680176
1.4567E+15,-0.0209961,-0.747559,0.672852
1.4567E+15,-0.0117188,-0.760742,0.67041
1.4567E+15,-0.00976563,-0.768066,0.673828
1.4567E+15,-0.00292969,-0.775879,0.671875
1.4567E+15,-0.0107422,-0.757324,0.668457
1.4567E+15,-0.0224609,-0.760742,0.672363
1.4567E+15,-0.0244141,-0.774414,0.693848
1.4567E+15,-0.0205078,-0.782227,0.697754
1.4567E+15,-0.00341797,-0.762207,0.681641
1.4567E+15,-0.00195313,-0.763184,0.66748
1.4567E+15,-0.00537109,-0.770996,0.671875
1.4567E+15,-0.0175781,-0.763672,0.67627
1.4567E+15,-0.00537109,-0.77002,0.672363
1.4567E+15,-0.00537109,-0.776367,0.692871
1.4567E+15,-0.0141602,-0.774902,0.685547
1.4567E+15,-0.0234375,-0.76709,0.686035
1.4567E+15,-0.0195313,-0.757813,0.693359
1.4567E+15,0.0102539,-0.782715,0.687012
1.4567E+15,0.0234375,-0.738281,0.683594
1.4567E+15,0.0180664,-0.740234,0.667969
1.4567E+15,0.00244141,-0.766602,0.669922
1.4567E+15,-0.00146484,-0.756348,0.693848
1.4567E+15,-0.0102539,-0.755371,0.712891
1.4567E+15,0.00634766,-0.727539,0.708984
1.4567E+15,0.0258789,-0.729492,0.710938
1.4567E+15,0.0385742,-0.736328,0.71875
1.4567E+15,0.050293,-0.748047,0.708008
1.4567E+15,0.0209961,-0.706055,0.706543
1.4567E+15,0.00585938,-0.694336,0.70752
1.4567E+15,0.0166016,-0.727539,0.713867
1.4567E+15,0.0283203,-0.727539,0.727051
1.4567E+15,0.0229492,-0.710938,0.73291
1.4567E+15,0.0141602,-0.705078,0.726074
1.4567E+15,0.0297852,-0.710938,0.711914
1.4567E+15,0.0473633,-0.691406,0.727539
1.4567E+15,0.0327148,-0.702148,0.754395
1.4567E+15,0.0307617,-0.690918,0.759766
1.4567E+15,0.0395508,-0.695313,0.742676
1.4567E+15,0.0410156,-0.681641,0.738281
1.4567E+15,0.0488281,-0.677246,0.75
1.4567E+15,0.0551758,-0.696777,0.73877
1.4567E+15,0.0522461,-0.654785,0.754395
1.4567E+15,0.0541992,-0.649902,0.758789
1.4567E+15,0.0566406,-0.662109,0.750977
1.4567E+15,0.0537109,-0.672363,0.766602
1.4567E+15,0.043457,-0.692383,0.751953
1.4567E+15,0.0673828,-0.683105,0.756348
1.4567E+15,0.0620117,-0.665527,0.761719
1.4567E+15,0.0693359,-0.658203,0.741699
1.4567E+15,0.0556641,-0.677734,0.763184
1.4567E+15,0.0297852,-0.680176,0.788086
1.4567E+15,0.0419922,-0.627441,0.757324
1.4567E+15,0.0454102,-0.63623,0.742188
1.4567E+15,0.0981445,-0.635742,0.744629
1.4567E+15,0.0922852,-0.614258,0.750977
1.4567E+15,0.0893555,-0.638672,0.760254
1.4567E+15,0.0756836,-0.664551,0.753906
1.4567E+15,0.0561523,-0.670898,0.758789
1.4567E+15,0.050293,-0.672852,0.755859
1.4567E+15,0.0556641,-0.680176,0.768555
1.4567E+15,0.0756836,-0.67627,0.776855
1.4567E+15,0.0620117,-0.65918,0.777344
1.4567E+15,0.0620117,-0.636719,0.768555
1.4567E+15,0.0693359,-0.635742,0.77002
1.4567E+15,0.0605469,-0.654785,0.759766
1.4567E+15,0.0615234,-0.666992,0.766602
1.4567E+15,0.0683594,-0.640137,0.766113
1.4567E+15,0.0688477,-0.648926,0.774414
1.4567E+15,0.0639648,-0.659668,0.759277
1.4567E+15,0.0561523,-0.651855,0.762207
1.4567E+15,0.0566406,-0.647949,0.76123
1.4567E+15,0.0688477,-0.660645,0.76709
1.4567E+15,0.059082,-0.658691,0.779297
1.4567E+15,0.0571289,-0.672852,0.774902
1.4567E+15,0.0507813,-0.666504,0.778809
1.4567E+15,0.0498047,-0.655273,0.779785
1.4567E+15,0.050293,-0.653809,0.78418
1.4567E+15,0.0600586,-0.657715,0.77832
1.4567E+15,0.0620117,-0.668457,0.771484
1.4567E+15,0.0478516,-0.667969,0.777344
1.4567E+15,0.0449219,-0.659668,0.779297
1.4567E+15,0.0507813,-0.662598,0.77832
1.4567E+15,0.0566406,-0.65918,0.771484
1.4567E+15,0.0620117,-0.664551,0.754395
1.4567E+15,0.0522461,-0.663086,0.755371
1.4567E+15,0.0605469,-0.667969,0.760254
1.4567E+15,0.0610352,-0.666016,0.762207
1.4567E+15,0.0566406,-0.662598,0.762207
1.4567E+15,0.0527344,-0.663086,0.76123
1.4567E+15,0.0522461,-0.672852,0.759766
1.4567E+15,0.0585938,-0.675781,0.769531
1.4567E+15,0.0566406,-0.670898,0.772949
1.4567E+15,0.0512695,-0.662598,0.772949
1.4567E+15,0.0507813,-0.66748,0.76709
1.4567E+15,0.0517578,-0.66748,0.765137
1.4567E+15,0.0576172,-0.669922,0.76123
1.4567E+15,0.0576172,-0.663574,0.766602
1.4567E+15,0.0566406,-0.667969,0.765137
1.4567E+15,0.0571289,-0.670898,0.763672
1.4567E+15,0.0532227,-0.67041,0.766113
1.4567E+15,0.0512695,-0.666504,0.775391
1.4567E+15,0.0473633,-0.65625,0.77832
1.4567E+15,0.0517578,-0.65332,0.779297
1.4567E+15,0.0561523,-0.666992,0.775391
1.4567E+15,0.0581055,-0.670898,0.762695
1.4567E+15,0.0551758,-0.660156,0.762207
1.4567E+15,0.059082,-0.654785,0.764648
1.4567E+15,0.0551758,-0.658691,0.753906
1.4567E+15,0.0561523,-0.667969,0.743652
1.4567E+15,0.0644531,-0.652832,0.763184
1.4567E+15,0.0566406,-0.647461,0.758789
1.4567E+15,0.0620117,-0.630371,0.769043
1.4567E+15,0.0615234,-0.655273,0.778809
1.4567E+15,0.0581055,-0.650391,0.774902
1.4567E+15,0.0532227,-0.660156,0.774414
1.4567E+15,0.0493164,-0.662598,0.777832
1.4567E+15,0.043457,-0.67041,0.794434
1.4567E+15,0.0361328,-0.67627,0.797363
1.4567E+15,0.0581055,-0.647461,0.756836
1.4567E+15,0.0239258,-0.708984,0.791016
1.4567E+15,0.0380859,-0.665039,0.774902
1.4567E+15,0.0571289,-0.608887,0.769043
1.4567E+15,0.0756836,-0.655762,0.754395
1.4567E+15,0.0859375,-0.654785,0.760254
1.4567E+15,0.0600586,-0.634766,0.756348
1.4567E+15,0.0473633,-0.660645,0.757324
1.4567E+15,0.050293,-0.690918,0.762207
1.4567E+15,0.0419922,-0.681641,0.76709
1.4567E+15,0.0532227,-0.657715,0.771484
1.4567E+15,0.0576172,-0.643066,0.779785
1.4567E+15,0.0600586,-0.653809,0.773438
1.4567E+15,0.0605469,-0.65918,0.780273
1.4567E+15,0.0634766,-0.659668,0.778809
1.4567E+15,0.059082,-0.657227,0.779785
1.4567E+15,0.0576172,-0.666016,0.770508
1.4567E+15,0.0512695,-0.668457,0.758789
1.4567E+15,0.0537109,-0.663574,0.756348
1.4567E+15,0.0561523,-0.662598,0.762695
1.4567E+15,0.0546875,-0.667969,0.76709
1.4567E+15,0.0522461,-0.662598,0.763184
1.4567E+15,0.0537109,-0.668457,0.77002
1.4567E+15,0.0585938,-0.660156,0.76416
1.4567E+15,0.0595703,-0.664551,0.766113
1.4567E+15,0.0576172,-0.662598,0.760742
1.4567E+15,0.0537109,-0.666992,0.763184
1.4567E+15,0.0551758,-0.67041,0.765625
1.4567E+15,0.0541992,-0.664063,0.773926
1.4567E+15,0.0517578,-0.657227,0.772461
1.4567E+15,0.0566406,-0.658691,0.771484
1.4567E+15,0.0546875,-0.671387,0.768066
1.4567E+15,0.046875,-0.671875,0.775391
1.4567E+15,0.0488281,-0.66748,0.780762
1.4567E+15,0.0537109,-0.658691,0.786133
1.4567E+15,0.0551758,-0.661133,0.768066
1.4567E+15,0.0625,-0.658691,0.766113
1.4567E+15,0.0581055,-0.665039,0.755859
1.4567E+15,0.0629883,-0.664063,0.751953
1.4567E+15,0.0595703,-0.65625,0.763184
1.4567E+15,0.0585938,-0.65332,0.762207
1.4567E+15,0.0498047,-0.668457,0.762207
1.4567E+15,0.0546875,-0.674316,0.768066
1.4567E+15,0.0551758,-0.666504,0.782227
1.4567E+15,0.0556641,-0.653809,0.779297
1.4567E+15,0.0527344,-0.661621,0.774414
1.4567E+15,0.0532227,-0.662598,0.769043
1.4567E+15,0.0551758,-0.668457,0.759277
1.4567E+15,0.0458984,-0.660156,0.763184
1.4567E+15,0.0517578,-0.652344,0.770508
1.4567E+15,0.0561523,-0.664063,0.766113
1.4567E+15,0.0605469,-0.670898,0.772461
1.4567E+15,0.0488281,-0.674316,0.768555
1.4567E+15,0.0610352,-0.668945,0.755371
1.4567E+15,0.0556641,-0.665039,0.756836
1.4567E+15,0.0649414,-0.655762,0.755371
1.4567E+15,0.0678711,-0.671387,0.768555
1.4567E+15,0.0458984,-0.678223,0.787109
1.4567E+15,0.0463867,-0.671875,0.769531
1.4567E+15,0.0537109,-0.65918,0.768066
1.4567E+15,0.0634766,-0.668945,0.76123
1.4567E+15,0.0654297,-0.654297,0.768555
1.4567E+15,0.0610352,-0.654297,0.765137
1.4567E+15,0.059082,-0.663086,0.758789
1.4567E+15,0.0532227,-0.65625,0.772949
1.4567E+15,0.050293,-0.65918,0.788086
1.4567E+15,0.0478516,-0.674316,0.807617
1.4567E+15,0.0439453,-0.679199,0.791504
1.4567E+15,0.0449219,-0.648926,0.77002
1.4567E+15,0.0649414,-0.658691,0.722168
1.4567E+15,0.059082,-0.703613,0.777832
1.4567E+15,0.0537109,-0.634766,0.761719
1.4567E+15,0.0585938,-0.621582,0.772461
1.4567E+15,0.0722656,-0.657227,0.75
1.4567E+15,0.0756836,-0.643066,0.748535
1.4567E+15,0.0566406,-0.625977,0.75
1.4567E+15,0.0522461,-0.65625,0.748047
1.4567E+15,0.0571289,-0.69043,0.763184
1.4567E+15,0.0522461,-0.686035,0.764648
1.4567E+15,0.0473633,-0.651367,0.789063
1.4567E+15,0.0532227,-0.643555,0.783203
1.4567E+15,0.0678711,-0.65918,0.786133
1.4567E+15,0.0683594,-0.663574,0.782715
1.4567E+15,0.0649414,-0.661133,0.77832
1.4567E+15,0.0507813,-0.65625,0.769531
1.4567E+15,0.0561523,-0.666504,0.771484
1.4567E+15,0.0561523,-0.67627,0.771484
1.4567E+15,0.0571289,-0.660645,0.760742
1.4567E+15,0.059082,-0.655273,0.77832
1.4567E+15,0.0512695,-0.649414,0.754395
1.4567E+15,0.0644531,-0.65918,0.760254
1.4567E+15,0.0629883,-0.665527,0.758789
1.4567E+15,0.0639648,-0.662598,0.77002
1.4567E+15,0.0585938,-0.660156,0.763184
1.4567E+15,0.0546875,-0.668945,0.77002
1.4567E+15,0.0610352,-0.669434,0.764648
1.4567E+15,0.0600586,-0.652832,0.769531
1.4567E+15,0.0615234,-0.657227,0.768066
1.4567E+15,0.059082,-0.656738,0.774902
1.4567E+15,0.0585938,-0.668945,0.769531
1.4567E+15,0.059082,-0.664063,0.754395
1.4567E+15,0.059082,-0.665039,0.757324
1.4567E+15,0.0595703,-0.664551,0.769043
1.4567E+15,0.0610352,-0.661621,0.776367
1.4567E+15,0.0551758,-0.664063,0.780762
1.4567E+15,0.050293,-0.660645,0.762695
1.4567E+15,0.0634766,-0.662598,0.761719
1.4567E+15,0.065918,-0.658203,0.759277
1.4567E+15,0.0620117,-0.660645,0.769531
1.4567E+15,0.0571289,-0.660645,0.770996
1.4567E+15,0.0522461,-0.671387,0.769043
1.4567E+15,0.0512695,-0.664063,0.769531
1.4567E+15,0.0561523,-0.661621,0.778809
1.4567E+15,0.0541992,-0.655762,0.790039
1.4567E+15,0.0566406,-0.663086,0.765625
1.4567E+15,0.0605469,-0.668457,0.758789
1.4567E+15,0.0668945,-0.672852,0.755371
1.4567E+15,0.0673828,-0.659668,0.758301
1.4567E+15,0.0498047,-0.665039,0.773926
1.4567E+15,0.0546875,-0.654297,0.76709
1.4567E+15,0.0541992,-0.664063,0.777344
1.4567E+15,0.0498047,-0.659668,0.758789
1.4567E+15,0.0678711,-0.658203,0.781738
1.4567E+15,0.0605469,-0.648926,0.762695
1.4567E+15,0.0620117,-0.642578,0.769043
1.4567E+15,0.0561523,-0.656738,0.770996
1.4567E+15,0.0454102,-0.666016,0.776367
1.4567E+15,0.0517578,-0.65918,0.774414
1.4567E+15,0.0517578,-0.662109,0.78125
1.4567E+15,0.0561523,-0.65918,0.777832
1.4567E+15,0.0488281,-0.668457,0.790527
1.4567E+15,0.0283203,-0.672363,0.797363
1.4567E+15,0.0498047,-0.646484,0.771973
1.4567E+15,0.074707,-0.665527,0.819824
1.4567E+15,0.0380859,-0.702637,0.796387
1.4567E+15,0.0541992,-0.618652,0.740234
1.4567E+15,0.0717773,-0.641602,0.75293
1.4567E+15,0.0776367,-0.650879,0.742676
1.4567E+15,0.0688477,-0.621582,0.751953
1.4567E+15,0.0551758,-0.633301,0.756348
1.4567E+15,0.0556641,-0.679688,0.759277
1.4567E+15,0.0424805,-0.691895,0.772949
1.4567E+15,0.0332031,-0.671875,0.778809
1.4567E+15,0.0532227,-0.665039,0.785156
1.4567E+15,0.0664063,-0.666504,0.785156
1.4567E+15,0.0561523,-0.642578,0.784668
1.4567E+15,0.0605469,-0.65332,0.78418
1.4567E+15,0.0571289,-0.66748,0.776367
1.4567E+15,0.050293,-0.659668,0.777344
1.4567E+15,0.0551758,-0.660156,0.769043
1.4567E+15,0.0571289,-0.648926,0.762695
1.4567E+15,0.0610352,-0.650879,0.755859
1.4567E+15,0.059082,-0.663574,0.755859
1.4567E+15,0.0458984,-0.662598,0.760742
1.4567E+15,0.0556641,-0.663086,0.773438
1.4567E+15,0.0561523,-0.65918,0.775391
1.4567E+15,0.0571289,-0.651855,0.769043
1.4567E+15,0.0620117,-0.662598,0.772949
1.4567E+15,0.0556641,-0.664551,0.769043
1.4567E+15,0.0581055,-0.661621,0.775391
1.4567E+15,0.0576172,-0.660156,0.770508
1.4567E+15,0.0629883,-0.663574,0.763184
1.4567E+15,0.059082,-0.662109,0.759277
1.4567E+15,0.0493164,-0.662598,0.761719
1.4567E+15,0.0488281,-0.661133,0.766113
1.4567E+15,0.0512695,-0.663574,0.776855
1.4567E+15,0.0581055,-0.661133,0.770508
1.4567E+15,0.0595703,-0.660156,0.775879
1.4567E+15,0.0649414,-0.664063,0.77832
1.4567E+15,0.0546875,-0.664551,0.769531
1.4567E+15,0.0517578,-0.666992,0.772461
1.4567E+15,0.0585938,-0.663574,0.762207
1.4567E+15,0.0610352,-0.660156,0.770996
1.4567E+15,0.0551758,-0.657227,0.766113
1.4567E+15,0.0571289,-0.661621,0.774414
1.4567E+15,0.0585938,-0.665527,0.762207
1.4567E+15,0.0493164,-0.665039,0.77002
1.4567E+15,0.0600586,-0.663086,0.753418
1.4567E+15,0.0693359,-0.65918,0.749512
1.4567E+15,0.0541992,-0.655273,0.776855
1.4567E+15,0.0429688,-0.657715,0.775879
1.4567E+15,0.0493164,-0.666992,0.769043
1.4567E+15,0.0556641,-0.65332,0.772461
1.4567E+15,0.0571289,-0.660645,0.772949
1.4567E+15,0.0537109,-0.651367,0.78125
1.4567E+15,0.0498047,-0.649414,0.781738
1.4567E+15,0.0488281,-0.674316,0.790039
1.4567E+15,0.0356445,-0.686523,0.795898
1.4567E+15,0.0424805,-0.649414,0.77832
1.4567E+15,0.138672,-0.634277,0.766602
1.4567E+15,0.0683594,-0.702148,0.769531
1.4567E+15,0.0522461,-0.616699,0.751465
1.4567E+15,0.0571289,-0.638184,0.76416
1.4567E+15,0.0673828,-0.654785,0.751953
1.4567E+15,0.0634766,-0.649902,0.73877
1.4567E+15,0.0678711,-0.63623,0.745605
1.4567E+15,0.0771484,-0.660645,0.734375
1.4567E+15,0.050293,-0.665039,0.766602
1.4567E+15,0.0444336,-0.677734,0.782715
1.4567E+15,0.0249023,-0.674316,0.78125
1.4567E+15,0.0458984,-0.669434,0.787598
1.4567E+15,0.0673828,-0.663574,0.793457
1.4567E+15,0.0585938,-0.648438,0.795898
1.4567E+15,0.0532227,-0.635742,0.788086
1.4567E+15,0.0527344,-0.659668,0.757324
1.4567E+15,0.0639648,-0.674316,0.762207
1.4567E+15,0.0556641,-0.663574,0.766602
1.4567E+15,0.059082,-0.652832,0.756348
1.4567E+15,0.0561523,-0.655273,0.753418
1.4567E+15,0.0585938,-0.666992,0.767578
1.4567E+15,0.0541992,-0.654297,0.767578
1.4567E+15,0.0566406,-0.652832,0.769043
1.4567E+15,0.0737305,-0.670898,0.772461
1.4567E+15,0.0581055,-0.663086,0.77832
1.4567E+15,0.0585938,-0.663086,0.777832
1.4567E+15,0.0566406,-0.665527,0.779297
1.4567E+15,0.0576172,-0.658203,0.769531
1.4567E+15,0.0595703,-0.65625,0.776855
1.4567E+15,0.0546875,-0.65918,0.76416
1.4567E+15,0.0551758,-0.661133,0.766602
1.4567E+15,0.0576172,-0.657715,0.763184
1.4567E+15,0.0600586,-0.657227,0.768066
1.4567E+15,0.0595703,-0.659668,0.768066
1.4567E+15,0.0595703,-0.663086,0.771484
1.4567E+15,0.0585938,-0.663574,0.771484
1.4567E+15,0.0610352,-0.651855,0.769531
1.4567E+15,0.0605469,-0.664063,0.773926
1.4567E+15,0.0605469,-0.661133,0.770508
1.4567E+15,0.0581055,-0.658203,0.759277
1.4567E+15,0.0615234,-0.660645,0.765137
1.4567E+15,0.0678711,-0.651855,0.769043
1.4567E+15,0.0585938,-0.65332,0.773926
1.4567E+15,0.0571289,-0.667969,0.763672
1.4567E+15,0.0771484,-0.668457,0.741699
1.4567E+15,0.081543,-0.655762,0.759766
1.4567E+15,0.0541992,-0.64209,0.771973
1.4567E+15,0.0620117,-0.664551,0.773926
1.4567E+15,0.0541992,-0.648926,0.782715
1.4567E+15,0.0639648,-0.657715,0.78418
1.4567E+15,0.0488281,-0.660645,0.785645
1.4567E+15,0.0595703,-0.643555,0.782227
1.4567E+15,0.0556641,-0.657715,0.771484
1.4567E+15,0.0644531,-0.672363,0.78125
1.4567E+15,0.0615234,-0.66748,0.789063
1.4567E+15,0.0332031,-0.674316,0.807129
1.4567E+15,0.0400391,-0.637207,0.780762
1.4567E+15,0.0136719,-0.702148,0.805176
1.4567E+15,0.0180664,-0.700684,0.772949
1.4567E+15,0.0693359,-0.616211,0.729492
1.4567E+15,0.0805664,-0.617676,0.743164
1.4567E+15,0.104492,-0.624023,0.73877
1.4567E+15,0.0766602,-0.61377,0.757813
1.4567E+15,0.059082,-0.658203,0.775879
1.4567E+15,0.0356445,-0.697266,0.774902
1.4567E+15,0.0268555,-0.702637,0.782227
1.4567E+15,0.0424805,-0.672852,0.771484
1.4567E+15,0.0708008,-0.646973,0.780762
1.4567E+15,0.0805664,-0.636719,0.776367
1.4567E+15,0.074707,-0.638184,0.788086
1.4567E+15,0.0541992,-0.65918,0.778809
1.4567E+15,0.0527344,-0.675781,0.777832
1.4567E+15,0.0585938,-0.669434,0.776367
1.4567E+15,0.0546875,-0.66748,0.777832
1.4567E+15,0.050293,-0.65918,0.772461
1.4567E+15,0.0629883,-0.663574,0.763184
1.4567E+15,0.0698242,-0.665039,0.762207
1.4567E+15,0.0664063,-0.663574,0.762207
1.4567E+15,0.0649414,-0.651367,0.769043
1.4567E+15,0.0585938,-0.659668,0.760254
1.4567E+15,0.0566406,-0.663086,0.772461
1.4567E+15,0.0595703,-0.661621,0.770508
1.4567E+15,0.0576172,-0.654785,0.765625
1.4567E+15,0.0600586,-0.655762,0.767578
1.4567E+15,0.0605469,-0.660645,0.766113
1.4567E+15,0.0585938,-0.662109,0.77002
1.4567E+15,0.0610352,-0.655273,0.764648
1.4567E+15,0.0698242,-0.655273,0.765625
1.4567E+15,0.0600586,-0.65625,0.774414
1.4567E+15,0.0625,-0.660645,0.774414
1.4567E+15,0.0566406,-0.657715,0.772949
1.4567E+15,0.0581055,-0.662598,0.762695
1.4567E+15,0.0605469,-0.663086,0.766602
1.4567E+15,0.0620117,-0.65332,0.774414
1.4567E+15,0.0595703,-0.65332,0.771484
1.4567E+15,0.0581055,-0.656738,0.763184
1.4567E+15,0.0610352,-0.663574,0.761719
1.4567E+15,0.0722656,-0.672852,0.757324
1.4567E+15,0.0727539,-0.669434,0.758301
1.4567E+15,0.0634766,-0.653809,0.777832
1.4567E+15,0.0444336,-0.664551,0.777344
1.4567E+15,0.0473633,-0.676758,0.766602
1.4567E+15,0.0673828,-0.652832,0.780273
1.4567E+15,0.0551758,-0.646973,0.772949
1.4567E+15,0.0600586,-0.638184,0.766113
1.4567E+15,0.0673828,-0.657715,0.774414
1.4567E+15,0.0556641,-0.680664,0.777832
1.4567E+15,0.0385742,-0.686523,0.799316
1.4567E+15,0.0302734,-0.657715,0.792969
1.4567E+15,0.0654297,-0.632324,0.71582
1.4567E+15,0.0551758,-0.724609,0.792969
1.4567E+15,0.0380859,-0.661621,0.759766
1.4567E+15,0.0610352,-0.619629,0.750977
1.4567E+15,0.0805664,-0.655762,0.74707
1.4567E+15,0.0942383,-0.644531,0.75
1.4567E+15,0.0644531,-0.623047,0.755371
1.4567E+15,0.0429688,-0.67041,0.757324
1.4567E+15,0.043457,-0.702637,0.759766
1.4567E+15,0.0385742,-0.688965,0.771973
1.4567E+15,0.0556641,-0.664551,0.778809
1.4567E+15,0.0625,-0.64502,0.787598
1.4567E+15,0.0678711,-0.648926,0.790039
1.4567E+15,0.0673828,-0.655762,0.790039
1.4567E+15,0.0610352,-0.661133,0.782715
1.4567E+15,0.0844727,-0.65918,0.770996
1.4567E+15,0.0629883,-0.684082,0.772949
1.4567E+15,0.0532227,-0.659668,0.768555
1.4567E+15,0.0581055,-0.661621,0.754395
1.4567E+15,0.0654297,-0.658203,0.750488
1.4567E+15,0.0639648,-0.652832,0.747559
1.4567E+15,0.065918,-0.65625,0.759277
1.4567E+15,0.0639648,-0.664551,0.770996
1.4567E+15,0.0610352,-0.666016,0.768555
1.4567E+15,0.0576172,-0.663086,0.767578
1.4567E+15,0.0561523,-0.662598,0.781738
1.4567E+15,0.0571289,-0.662109,0.779785
1.4567E+15,0.0585938,-0.660156,0.776367
1.4567E+15,0.0615234,-0.660156,0.76709
1.4567E+15,0.0620117,-0.665527,0.763672
1.4567E+15,0.0610352,-0.665527,0.761719
1.4567E+15,0.0566406,-0.664551,0.764648
1.4567E+15,0.0566406,-0.650879,0.756348
1.4567E+15,0.0639648,-0.660645,0.760742
1.4567E+15,0.0634766,-0.666016,0.766113
1.4567E+15,0.0595703,-0.662109,0.776855
1.4567E+15,0.0522461,-0.666504,0.766113
1.4567E+15,0.0532227,-0.666992,0.77832
1.4567E+15,0.0498047,-0.663086,0.771484
1.4567E+15,0.0727539,-0.666992,0.760254
1.4567E+15,0.0634766,-0.662109,0.763672
1.4567E+15,0.0556641,-0.67041,0.757324
1.4567E+15,0.0507813,-0.660156,0.782227
1.4567E+15,0.043457,-0.684082,0.787598
1.4567E+15,0.0498047,-0.66748,0.777344
1.4567E+15,0.0654297,-0.643066,0.782227
1.4567E+15,0.0566406,-0.660645,0.773438
1.4567E+15,0.0610352,-0.649902,0.764648
1.4567E+15,0.0634766,-0.650879,0.76416
1.4567E+15,0.0424805,-0.660645,0.773438
1.4567E+15,0.0551758,-0.642578,0.747559
1.4567E+15,0.015625,-0.718262,0.799316
1.4567E+15,0.0463867,-0.660156,0.771484
1.4567E+15,0.0678711,-0.627441,0.776855
1.4567E+15,0.0585938,-0.657715,0.76123
1.4567E+15,0.0737305,-0.650391,0.749023
1.4567E+15,0.0673828,-0.644531,0.750977
1.4567E+15,0.0805664,-0.639648,0.753906
1.4567E+15,0.0664063,-0.659668,0.765137
1.4567E+15,0.043457,-0.679688,0.777344
1.4567E+15,0.0488281,-0.669922,0.778809
1.4567E+15,0.0551758,-0.672363,0.782715
1.4567E+15,0.0727539,-0.664551,0.785156
1.4567E+15,0.0595703,-0.650391,0.78125
1.4567E+15,0.0825195,-0.649902,0.771973
1.4567E+15,0.0756836,-0.674316,0.773926
1.4567E+15,0.0629883,-0.657715,0.772949
1.4567E+15,0.0605469,-0.660645,0.766113
1.4567E+15,0.0566406,-0.662598,0.748535
1.4567E+15,0.0620117,-0.661621,0.752441
1.4567E+15,0.0649414,-0.655762,0.758789
1.4567E+15,0.0668945,-0.65625,0.763672
1.4567E+15,0.0600586,-0.656738,0.76416
1.4567E+15,0.0600586,-0.662598,0.760742
1.4567E+15,0.0639648,-0.666992,0.755859
1.4567E+15,0.0625,-0.667969,0.769043
1.4567E+15,0.0625,-0.666016,0.777344
1.4567E+15,0.0585938,-0.662109,0.77832
1.4567E+15,0.0649414,-0.664063,0.770508
1.4567E+15,0.0605469,-0.672363,0.765625
1.4567E+15,0.0581055,-0.664063,0.762207
1.4567E+15,0.0610352,-0.662598,0.76709
1.4567E+15,0.0605469,-0.661621,0.772461
1.4567E+15,0.065918,-0.66748,0.767578
1.4567E+15,0.0634766,-0.665527,0.76709
1.4567E+15,0.0610352,-0.660645,0.763672
1.4567E+15,0.0561523,-0.666504,0.775391
1.4567E+15,0.0449219,-0.663574,0.772461
1.4567E+15,0.0522461,-0.671387,0.765625
1.4567E+15,0.0820313,-0.671387,0.742188
1.4567E+15,0.0668945,-0.651855,0.790039
1.4567E+15,0.0410156,-0.650391,0.76416
1.4567E+15,0.050293,-0.667969,0.770996
1.4567E+15,0.0664063,-0.674316,0.770508
1.4567E+15,0.0639648,-0.666016,0.773438
1.4567E+15,0.0483398,-0.631836,0.767578
1.4567E+15,0.0620117,-0.650391,0.76709
1.4567E+15,0.0556641,-0.671387,0.773926
1.4567E+15,0.0424805,-0.660645,0.794434
1.4567E+15,0.0429688,-0.671875,0.802734
1.4567E+15,0.0336914,-0.653809,0.788574
1.4567E+15,0.0888672,-0.626953,0.671387
1.4567E+15,0.0678711,-0.718262,0.77832
1.4567E+15,0.0541992,-0.665039,0.75293
1.4567E+15,0.0732422,-0.611328,0.759766
1.4567E+15,0.0776367,-0.65918,0.756836
1.4567E+15,0.0854492,-0.654297,0.767578
1.4567E+15,0.0629883,-0.640137,0.75293
1.4567E+15,0.0498047,-0.669922,0.757813
1.4567E+15,0.043457,-0.6875,0.758789
1.4567E+15,0.0605469,-0.675293,0.757324
1.4567E+15,0.0664063,-0.658691,0.782227
1.4567E+15,0.0688477,-0.65332,0.782715
1.4567E+15,0.0673828,-0.664063,0.788574
1.4567E+15,0.0605469,-0.663086,0.780762
1.4567E+15,0.0600586,-0.669922,0.77832
1.4567E+15,0.0644531,-0.661621,0.777832
1.4567E+15,0.0600586,-0.653809,0.762695
1.4567E+15,0.0639648,-0.656738,0.75293
1.4567E+15,0.0541992,-0.674316,0.77002
1.4567E+15,0.0532227,-0.657715,0.757324
1.4567E+15,0.0634766,-0.658203,0.764648
1.4567E+15,0.0688477,-0.663574,0.762207
1.4567E+15,0.0644531,-0.65918,0.77832
1.4567E+15,0.059082,-0.654297,0.771973
1.4567E+15,0.0625,-0.65918,0.769043
1.4567E+15,0.0678711,-0.661133,0.758301
1.4567E+15,0.0717773,-0.657227,0.764648
1.4567E+15,0.0644531,-0.661133,0.771484
1.4567E+15,0.0664063,-0.661621,0.76709
1.4567E+15,0.0649414,-0.661133,0.767578
1.4567E+15,0.0649414,-0.660156,0.770508
1.4567E+15,0.0625,-0.662109,0.768555
1.4567E+15,0.0703125,-0.665527,0.763672
1.4567E+15,0.0678711,-0.668457,0.774902
1.4567E+15,0.0644531,-0.666992,0.770996
1.4567E+15,0.0620117,-0.664063,0.771973
1.4567E+15,0.0634766,-0.657715,0.770508
1.4567E+15,0.0629883,-0.661621,0.770508
1.4567E+15,0.0644531,-0.661621,0.755859
1.4567E+15,0.0820313,-0.662598,0.747559
1.4567E+15,0.0708008,-0.658203,0.781738
1.4567E+15,0.0615234,-0.648438,0.760742
1.4567E+15,0.0546875,-0.658691,0.774902
1.4567E+15,0.0605469,-0.666992,0.753418
1.4567E+15,0.0673828,-0.65625,0.765625
1.4567E+15,0.0698242,-0.646484,0.765137
1.4567E+15,0.0683594,-0.657227,0.775879
1.4567E+15,0.0634766,-0.665039,0.785156
1.4567E+15,0.0507813,-0.676758,0.796875
1.4567E+15,0.0493164,-0.678711,0.789551
1.4567E+15,0.0371094,-0.685547,0.800781
1.4567E+15,0.0585938,-0.644531,0.76709
1.4567E+15,0.0180664,-0.720215,0.790527
1.4567E+15,0.0556641,-0.687012,0.760254
1.4567E+15,0.0825195,-0.595215,0.73877
1.4567E+15,0.0917969,-0.638184,0.743652
1.4567E+15,0.102539,-0.643555,0.75293
1.4567E+15,0.0766602,-0.628418,0.766113
1.4567E+15,0.0439453,-0.667969,0.767578
1.4567E+15,0.0415039,-0.695801,0.76416
1.4567E+15,0.0395508,-0.687988,0.760254
1.4567E+15,0.0698242,-0.665039,0.775879
1.4567E+15,0.0712891,-0.644043,0.777832
1.4567E+15,0.0727539,-0.648926,0.780762
1.4567E+15,0.065918,-0.664063,0.775879
1.4567E+15,0.0585938,-0.680176,0.796387
1.4567E+15,0.0595703,-0.66748,0.785645
1.4567E+15,0.0517578,-0.65918,0.767578
1.4567E+15,0.0683594,-0.661133,0.74707
1.4567E+15,0.0605469,-0.66748,0.769531
1.4567E+15,0.059082,-0.646973,0.740234
1.4567E+15,0.0737305,-0.654297,0.758789
1.4567E+15,0.0600586,-0.659668,0.758789
1.4567E+15,0.0673828,-0.666504,0.763184
1.4567E+15,0.0585938,-0.659668,0.779785
1.4567E+15,0.059082,-0.652344,0.773438
1.4567E+15,0.0668945,-0.665039,0.771484
1.4567E+15,0.0717773,-0.669434,0.761719
1.4567E+15,0.0595703,-0.668945,0.764648
1.4567E+15,0.0678711,-0.666504,0.762695
1.4567E+15,0.0615234,-0.659668,0.767578
1.4567E+15,0.0625,-0.665527,0.765137
1.4567E+15,0.0644531,-0.667969,0.768555
1.4567E+15,0.0620117,-0.67041,0.760742
1.4567E+15,0.0683594,-0.663086,0.761719
1.4567E+15,0.0756836,-0.660156,0.77002
1.4567E+15,0.0634766,-0.656738,0.775879
1.4567E+15,0.0566406,-0.655273,0.76416
1.4567E+15,0.0639648,-0.67334,0.766113
1.4567E+15,0.0693359,-0.660156,0.769531
1.4567E+15,0.0615234,-0.650879,0.77002
1.4567E+15,0.0610352,-0.63916,0.75293
1.4567E+15,0.0712891,-0.663574,0.76416
1.4567E+15,0.059082,-0.662598,0.765137
1.4567E+15,0.0576172,-0.652832,0.766602
1.4567E+15,0.0639648,-0.662109,0.77002
1.4567E+15,0.065918,-0.668457,0.770508
1.4567E+15,0.0541992,-0.664063,0.77002
1.4567E+15,0.0673828,-0.663086,0.771484
1.4567E+15,0.0644531,-0.666016,0.774414
1.4567E+15,0.0693359,-0.665527,0.775391
1.4567E+15,0.0639648,-0.661133,0.778809
1.4567E+15,0.0605469,-0.662598,0.768555
1.4567E+15,0.0615234,-0.657715,0.764648
1.4567E+15,0.0615234,-0.657227,0.76416
1.4567E+15,0.0625,-0.659668,0.757324
1.4567E+15,0.0693359,-0.667969,0.751953
1.4567E+15,0.0639648,-0.660645,0.751465
1.4567E+15,0.0620117,-0.660645,0.768555
1.4567E+15,0.0634766,-0.667969,0.767578
1.4567E+15,0.065918,-0.66748,0.777832
1.4567E+15,0.0605469,-0.665039,0.768066
1.4567E+15,0.0654297,-0.668945,0.771973
1.4567E+15,0.0605469,-0.65918,0.765625
1.4567E+15,0.0639648,-0.669922,0.754883
1.4567E+15,0.0634766,-0.671387,0.761719
1.4567E+15,0.0576172,-0.667969,0.76709
1.4567E+15,0.0585938,-0.663086,0.770996
1.4567E+15,0.0566406,-0.655762,0.762695
1.4567E+15,0.0644531,-0.665527,0.75
1.4567E+15,0.0620117,-0.663574,0.754883
1.4567E+15,0.0541992,-0.656738,0.754883
1.4567E+15,0.0512695,-0.653809,0.750488
1.4567E+15,0.050293,-0.664063,0.753418
1.4567E+15,0.0668945,-0.666504,0.758789
1.4567E+15,0.0585938,-0.665527,0.759277
1.4567E+15,0.0576172,-0.67334,0.759277
1.4567E+15,0.0512695,-0.682129,0.76416
1.4567E+15,0.0551758,-0.681641,0.769043
1.4567E+15,0.0551758,-0.674805,0.780273
1.4567E+15,0.0522461,-0.670898,0.774902
1.4567E+15,0.0473633,-0.669922,0.772949
1.4567E+15,0.0493164,-0.668945,0.770508
1.4567E+15,0.0517578,-0.671875,0.760254
1.4567E+15,0.0483398,-0.668945,0.763184
1.4567E+15,0.050293,-0.66748,0.751465
1.4567E+15,0.0585938,-0.67041,0.760254
1.4567E+15,0.0566406,-0.671875,0.760254
1.4567E+15,0.0585938,-0.662598,0.762695
1.4567E+15,0.0585938,-0.663574,0.772949
1.4567E+15,0.0561523,-0.663086,0.77832
1.4567E+15,0.0517578,-0.662598,0.768555
1.4567E+15,0.0546875,-0.668945,0.76416
1.4567E+15,0.0556641,-0.671875,0.76416
1.4567E+15,0.0478516,-0.67334,0.765625
1.4567E+15,0.0522461,-0.671387,0.75
1.4567E+15,0.0546875,-0.67334,0.77002
1.4567E+15,0.0512695,-0.668457,0.765137
1.4567E+15,0.0551758,-0.654785,0.754883
1.4567E+15,0.0576172,-0.651855,0.757813
1.4567E+15,0.059082,-0.662598,0.765137
