timestamp,x,y,z,w,toCompare
1.46E+15,0.398621,0.114685,-0.288452,-0.863037,0.398621 0.114685 -0.288452
1.46E+15,0.398743,0.114685,-0.288513,-0.862915,0.398743 0.114685 -0.288513
1.46E+15,0.398682,0.114685,-0.288513,-0.862976,0.398682 0.114685 -0.288513
1.46E+15,0.398743,0.114441,-0.288452,-0.862976,0.398743 0.114441 -0.288452
1.46E+15,0.398804,0.114441,-0.288452,-0.862976,0.398804 0.114441 -0.288452
1.46E+15,0.398438,0.114624,-0.288574,-0.863037,0.398438 0.114624 -0.288574
1.46E+15,0.39801,0.114624,-0.288696,-0.86322,0.39801 0.114624 -0.288696
1.46E+15,0.39801,0.114624,-0.288757,-0.86322,0.39801 0.114624 -0.288757
1.46E+15,0.39801,0.114563,-0.288757,-0.86322,0.39801 0.114563 -0.288757
1.46E+15,0.39801,0.114746,-0.288818,-0.863159,0.39801 0.114746 -0.288818
1.46E+15,0.39801,0.114746,-0.288818,-0.863159,0.39801 0.114746 -0.288818
1.46E+15,0.398193,0.114746,-0.28894,-0.863037,0.398193 0.114746 -0.28894
1.46E+15,0.398438,0.114868,-0.288879,-0.862915,0.398438 0.114868 -0.288879
1.46E+15,0.398376,0.114868,-0.288879,-0.862915,0.398376 0.114868 -0.288879
1.46E+15,0.398376,0.114868,-0.288879,-0.862976,0.398376 0.114868 -0.288879
1.46E+15,0.398376,0.115051,-0.289063,-0.862854,0.398376 0.115051 -0.289063
1.46E+15,0.398376,0.115234,-0.289185,-0.862793,0.398376 0.115234 -0.289185
1.46E+15,0.398376,0.115234,-0.289185,-0.862793,0.398376 0.115234 -0.289185
1.46E+15,0.398376,0.115234,-0.289185,-0.862793,0.398376 0.115234 -0.289185
1.46E+15,0.398438,0.115173,-0.289429,-0.862671,0.398438 0.115173 -0.289429
1.46E+15,0.39856,0.115234,-0.289612,-0.86261,0.39856 0.115234 -0.289612
1.46E+15,0.398499,0.115295,-0.289612,-0.86261,0.398499 0.115295 -0.289612
1.46E+15,0.398499,0.115295,-0.289612,-0.86261,0.398499 0.115295 -0.289612
1.46E+15,0.398499,0.115295,-0.289612,-0.86261,0.398499 0.115295 -0.289612
1.46E+15,0.398499,0.115295,-0.289612,-0.86261,0.398499 0.115295 -0.289612
1.46E+15,0.398499,0.115295,-0.289612,-0.86261,0.398499 0.115295 -0.289612
1.46E+15,0.398499,0.115295,-0.289612,-0.86261,0.398499 0.115295 -0.289612
1.46E+15,0.398682,0.115295,-0.289612,-0.862549,0.398682 0.115295 -0.289612
1.46E+15,0.398804,0.115356,-0.289612,-0.862427,0.398804 0.115356 -0.289612
1.46E+15,0.398804,0.115356,-0.289612,-0.862427,0.398804 0.115356 -0.289612
1.46E+15,0.398743,0.115356,-0.289673,-0.862427,0.398743 0.115356 -0.289673
1.46E+15,0.398743,0.115356,-0.289673,-0.862488,0.398743 0.115356 -0.289673
1.46E+15,0.398743,0.115356,-0.289673,-0.862488,0.398743 0.115356 -0.289673
1.46E+15,0.398743,0.115356,-0.289673,-0.862488,0.398743 0.115356 -0.289673
1.46E+15,0.398743,0.115356,-0.289673,-0.862488,0.398743 0.115356 -0.289673
1.46E+15,0.398743,0.115356,-0.289673,-0.862488,0.398743 0.115356 -0.289673
1.46E+15,0.398743,0.115356,-0.289673,-0.862488,0.398743 0.115356 -0.289673
1.46E+15,0.398682,0.115356,-0.289673,-0.862488,0.398682 0.115356 -0.289673
1.46E+15,0.398682,0.115295,-0.289673,-0.862488,0.398682 0.115295 -0.289673
1.46E+15,0.398682,0.115295,-0.289673,-0.862488,0.398682 0.115295 -0.289673
1.46E+15,0.398743,0.115295,-0.289673,-0.862488,0.398743 0.115295 -0.289673
1.46E+15,0.398743,0.115356,-0.289673,-0.862488,0.398743 0.115356 -0.289673
1.46E+15,0.398743,0.115356,-0.289673,-0.862488,0.398743 0.115356 -0.289673
1.46E+15,0.398865,0.115479,-0.28949,-0.862427,0.398865 0.115479 -0.28949
1.46E+15,0.39917,0.115784,-0.289185,-0.862366,0.39917 0.115784 -0.289185
1.46E+15,0.399109,0.115845,-0.28894,-0.862427,0.399109 0.115845 -0.28894
1.46E+15,0.398682,0.115662,-0.288879,-0.862732,0.398682 0.115662 -0.288879
1.46E+15,0.398621,0.115601,-0.288879,-0.862732,0.398621 0.115601 -0.288879
1.46E+15,0.398621,0.115662,-0.288879,-0.862732,0.398621 0.115662 -0.288879
1.46E+15,0.398315,0.115845,-0.289124,-0.862793,0.398315 0.115845 -0.289124
1.46E+15,0.397888,0.116211,-0.289063,-0.862915,0.397888 0.116211 -0.289063
1.46E+15,0.397583,0.116577,-0.289063,-0.863037,0.397583 0.116577 -0.289063
1.46E+15,0.397278,0.116821,-0.28894,-0.863159,0.397278 0.116821 -0.28894
1.46E+15,0.397278,0.116821,-0.28894,-0.863159,0.397278 0.116821 -0.28894
1.46E+15,0.397156,0.117188,-0.288757,-0.86322,0.397156 0.117188 -0.288757
1.46E+15,0.397095,0.117432,-0.288513,-0.863342,0.397095 0.117432 -0.288513
1.46E+15,0.396973,0.117615,-0.288208,-0.863464,0.396973 0.117615 -0.288208
1.46E+15,0.396851,0.117737,-0.287964,-0.863586,0.396851 0.117737 -0.287964
1.46E+15,0.396729,0.117859,-0.287598,-0.863708,0.396729 0.117859 -0.287598
1.46E+15,0.396484,0.117859,-0.287354,-0.863953,0.396484 0.117859 -0.287354
1.46E+15,0.39624,0.11792,-0.286987,-0.864136,0.39624 0.11792 -0.286987
1.46E+15,0.396301,0.118225,-0.286621,-0.864197,0.396301 0.118225 -0.286621
1.46E+15,0.396606,0.118713,-0.286011,-0.864197,0.396606 0.118713 -0.286011
1.46E+15,0.396545,0.118713,-0.285583,-0.86438,0.396545 0.118713 -0.285583
1.46E+15,0.39624,0.118225,-0.285339,-0.864624,0.39624 0.118225 -0.285339
1.46E+15,0.396301,0.118103,-0.284912,-0.864807,0.396301 0.118103 -0.284912
1.46E+15,0.396118,0.118103,-0.284302,-0.865051,0.396118 0.118103 -0.284302
1.46E+15,0.395508,0.118042,-0.283691,-0.86554,0.395508 0.118042 -0.283691
1.46E+15,0.395142,0.118164,-0.28302,-0.865906,0.395142 0.118164 -0.28302
1.46E+15,0.394958,0.118103,-0.282471,-0.866211,0.394958 0.118103 -0.282471
1.46E+15,0.395081,0.118347,-0.281799,-0.866333,0.395081 0.118347 -0.281799
1.46E+15,0.394836,0.118469,-0.281006,-0.866699,0.394836 0.118469 -0.281006
1.46E+15,0.39386,0.118347,-0.280334,-0.867371,0.39386 0.118347 -0.280334
1.46E+15,0.392639,0.118286,-0.279663,-0.868103,0.392639 0.118286 -0.279663
1.46E+15,0.391907,0.118286,-0.278809,-0.868774,0.391907 0.118286 -0.278809
1.46E+15,0.391541,0.118408,-0.277893,-0.869202,0.391541 0.118408 -0.277893
1.46E+15,0.391052,0.118591,-0.276917,-0.86969,0.391052 0.118591 -0.276917
1.46E+15,0.390259,0.118713,-0.275696,-0.870422,0.390259 0.118713 -0.275696
1.46E+15,0.389099,0.118469,-0.274231,-0.871399,0.389099 0.118469 -0.274231
1.46E+15,0.388367,0.118164,-0.272583,-0.872314,0.388367 0.118164 -0.272583
1.46E+15,0.387817,0.118103,-0.270935,-0.873108,0.387817 0.118103 -0.270935
1.46E+15,0.386902,0.118225,-0.269348,-0.873962,0.386902 0.118225 -0.269348
1.46E+15,0.385376,0.118347,-0.267761,-0.875122,0.385376 0.118347 -0.267761
1.46E+15,0.383362,0.118164,-0.266235,-0.876465,0.383362 0.118164 -0.266235
1.46E+15,0.382263,0.118347,-0.264526,-0.877502,0.382263 0.118347 -0.264526
1.46E+15,0.381592,0.118652,-0.262695,-0.878235,0.381592 0.118652 -0.262695
1.46E+15,0.380127,0.11853,-0.260803,-0.879456,0.380127 0.11853 -0.260803
1.46E+15,0.378479,0.118042,-0.25885,-0.880798,0.378479 0.118042 -0.25885
1.46E+15,0.377258,0.117676,-0.256714,-0.882019,0.377258 0.117676 -0.256714
1.46E+15,0.376465,0.117493,-0.25415,-0.883118,0.376465 0.117493 -0.25415
1.46E+15,0.375488,0.117371,-0.251282,-0.884399,0.375488 0.117371 -0.251282
1.46E+15,0.374023,0.117188,-0.24823,-0.885864,0.374023 0.117188 -0.24823
1.46E+15,0.37207,0.116638,-0.245789,-0.887451,0.37207 0.116638 -0.245789
1.46E+15,0.370117,0.116272,-0.243713,-0.888916,0.370117 0.116272 -0.243713
1.46E+15,0.368713,0.116394,-0.241821,-0.890015,0.368713 0.116394 -0.241821
1.46E+15,0.367065,0.116211,-0.239624,-0.891235,0.367065 0.116211 -0.239624
1.46E+15,0.365356,0.11554,-0.237549,-0.892639,0.365356 0.11554 -0.237549
1.46E+15,0.363892,0.114746,-0.235535,-0.89386,0.363892 0.114746 -0.235535
1.46E+15,0.362549,0.114319,-0.233398,-0.89502,0.362549 0.114319 -0.233398
1.46E+15,0.360657,0.113892,-0.23114,-0.896423,0.360657 0.113892 -0.23114
1.46E+15,0.358704,0.11322,-0.229187,-0.897766,0.358704 0.11322 -0.229187
1.46E+15,0.356689,0.112732,-0.227234,-0.89917,0.356689 0.112732 -0.227234
1.46E+15,0.354858,0.112732,-0.225403,-0.90033,0.354858 0.112732 -0.225403
1.46E+15,0.353271,0.11322,-0.223877,-0.901306,0.353271 0.11322 -0.223877
1.46E+15,0.351624,0.114014,-0.22229,-0.902222,0.351624 0.114014 -0.22229
1.46E+15,0.349915,0.115173,-0.221069,-0.903015,0.349915 0.115173 -0.221069
1.46E+15,0.346802,0.115784,-0.21991,-0.904419,0.346802 0.115784 -0.21991
1.46E+15,0.343201,0.116333,-0.219055,-0.905945,0.343201 0.116333 -0.219055
1.46E+15,0.340759,0.116699,-0.218079,-0.907043,0.340759 0.116699 -0.218079
1.46E+15,0.33905,0.116821,-0.21698,-0.907959,0.33905 0.116821 -0.21698
1.46E+15,0.338257,0.116882,-0.216248,-0.908386,0.338257 0.116882 -0.216248
1.46E+15,0.337219,0.117065,-0.21582,-0.908875,0.337219 0.117065 -0.21582
1.46E+15,0.336121,0.117188,-0.216003,-0.909241,0.336121 0.117188 -0.216003
1.46E+15,0.335876,0.117798,-0.215271,-0.909363,0.335876 0.117798 -0.215271
1.46E+15,0.335815,0.116455,-0.215271,-0.909607,0.335815 0.116455 -0.215271
1.46E+15,0.336243,0.114502,-0.215027,-0.909729,0.336243 0.114502 -0.215027
1.46E+15,0.335571,0.113281,-0.215088,-0.910156,0.335571 0.113281 -0.215088
1.46E+15,0.33551,0.113037,-0.214844,-0.910217,0.33551 0.113037 -0.214844
1.46E+15,0.333984,0.113831,-0.214417,-0.910767,0.333984 0.113831 -0.214417
1.46E+15,0.33252,0.114441,-0.214172,-0.911316,0.33252 0.114441 -0.214172
1.46E+15,0.332031,0.115173,-0.213867,-0.911499,0.332031 0.115173 -0.213867
1.46E+15,0.331909,0.11554,-0.213501,-0.91156,0.331909 0.11554 -0.213501
1.46E+15,0.331665,0.115295,-0.213135,-0.911743,0.331665 0.115295 -0.213135
1.46E+15,0.331543,0.114868,-0.212952,-0.911926,0.331543 0.114868 -0.212952
1.46E+15,0.331604,0.114868,-0.212952,-0.911865,0.331604 0.114868 -0.212952
1.46E+15,0.331482,0.114624,-0.213013,-0.911926,0.331482 0.114624 -0.213013
1.46E+15,0.33136,0.113831,-0.213379,-0.911987,0.33136 0.113831 -0.213379
1.46E+15,0.331299,0.113098,-0.213379,-0.912109,0.331299 0.113098 -0.213379
1.46E+15,0.331238,0.112549,-0.21344,-0.912231,0.331238 0.112549 -0.21344
1.46E+15,0.331299,0.112122,-0.213562,-0.91217,0.331299 0.112122 -0.213562
1.46E+15,0.331116,0.111633,-0.213806,-0.912231,0.331116 0.111633 -0.213806
1.46E+15,0.330505,0.111267,-0.213745,-0.912537,0.330505 0.111267 -0.213745
1.46E+15,0.330078,0.111023,-0.213867,-0.91272,0.330078 0.111023 -0.213867
1.46E+15,0.329956,0.110779,-0.214172,-0.91272,0.329956 0.110779 -0.214172
1.46E+15,0.329712,0.110352,-0.214417,-0.912781,0.329712 0.110352 -0.214417
1.46E+15,0.32959,0.110168,-0.2146,-0.912781,0.32959 0.110168 -0.2146
1.46E+15,0.329834,0.110046,-0.214783,-0.91272,0.329834 0.110046 -0.214783
1.46E+15,0.330139,0.109863,-0.214905,-0.912598,0.330139 0.109863 -0.214905
1.46E+15,0.33075,0.109741,-0.215149,-0.912292,0.33075 0.109741 -0.215149
1.46E+15,0.331055,0.109497,-0.215454,-0.91217,0.331055 0.109497 -0.215454
1.46E+15,0.331238,0.109314,-0.21582,-0.912048,0.331238 0.109314 -0.21582
1.46E+15,0.33136,0.109131,-0.216064,-0.911926,0.33136 0.109131 -0.216064
1.46E+15,0.331665,0.10907,-0.216248,-0.911804,0.331665 0.10907 -0.216248
1.46E+15,0.332031,0.109131,-0.216431,-0.911621,0.332031 0.109131 -0.216431
1.46E+15,0.332275,0.109131,-0.216858,-0.911438,0.332275 0.109131 -0.216858
1.46E+15,0.332275,0.10907,-0.217346,-0.911316,0.332275 0.10907 -0.217346
1.46E+15,0.332336,0.108948,-0.217712,-0.911255,0.332336 0.108948 -0.217712
1.46E+15,0.332153,0.108948,-0.217957,-0.911194,0.332153 0.108948 -0.217957
1.46E+15,0.332275,0.10907,-0.218323,-0.911072,0.332275 0.10907 -0.218323
1.46E+15,0.332581,0.109131,-0.21875,-0.910889,0.332581 0.109131 -0.21875
1.46E+15,0.332886,0.109253,-0.219055,-0.910645,0.332886 0.109253 -0.219055
1.46E+15,0.332947,0.109497,-0.219299,-0.910522,0.332947 0.109497 -0.219299
1.46E+15,0.332947,0.109497,-0.219299,-0.910522,0.332947 0.109497 -0.219299
1.46E+15,0.33313,0.109436,-0.219482,-0.910461,0.33313 0.109436 -0.219482
1.46E+15,0.333496,0.109497,-0.219604,-0.910278,0.333496 0.109497 -0.219604
1.46E+15,0.333679,0.10968,-0.219666,-0.910156,0.333679 0.10968 -0.219666
1.46E+15,0.333618,0.10968,-0.219666,-0.910156,0.333618 0.10968 -0.219666
1.46E+15,0.333618,0.10968,-0.219666,-0.910217,0.333618 0.10968 -0.219666
1.46E+15,0.333801,0.109802,-0.219727,-0.910095,0.333801 0.109802 -0.219727
1.46E+15,0.333801,0.109741,-0.219727,-0.910095,0.333801 0.109741 -0.219727
1.46E+15,0.333557,0.109924,-0.219849,-0.910156,0.333557 0.109924 -0.219849
1.46E+15,0.333313,0.110107,-0.219788,-0.910217,0.333313 0.110107 -0.219788
1.46E+15,0.333313,0.110107,-0.219788,-0.910217,0.333313 0.110107 -0.219788
1.46E+15,0.333496,0.110352,-0.219604,-0.910156,0.333496 0.110352 -0.219604
1.46E+15,0.333496,0.110352,-0.219604,-0.910156,0.333496 0.110352 -0.219604
1.46E+15,0.333496,0.110352,-0.219604,-0.910156,0.333496 0.110352 -0.219604
1.46E+15,0.333435,0.110291,-0.219666,-0.910156,0.333435 0.110291 -0.219666
1.46E+15,0.333435,0.110291,-0.219666,-0.910217,0.333435 0.110291 -0.219666
1.46E+15,0.333374,0.110291,-0.219666,-0.910217,0.333374 0.110291 -0.219666
1.46E+15,0.33313,0.110413,-0.219666,-0.910278,0.33313 0.110413 -0.219666
1.46E+15,0.332764,0.110657,-0.219849,-0.910339,0.332764 0.110657 -0.219849
1.46E+15,0.332336,0.11084,-0.220032,-0.910461,0.332336 0.11084 -0.220032
1.46E+15,0.332336,0.11084,-0.220032,-0.910461,0.332336 0.11084 -0.220032
1.46E+15,0.332397,0.11084,-0.220032,-0.9104,0.332397 0.11084 -0.220032
1.46E+15,0.332214,0.110596,-0.219971,-0.910522,0.332214 0.110596 -0.219971
1.46E+15,0.331238,0.110474,-0.220459,-0.910767,0.331238 0.110474 -0.220459
1.46E+15,0.3302,0.110718,-0.220764,-0.911072,0.3302 0.110718 -0.220764
1.46E+15,0.329285,0.110962,-0.220947,-0.911316,0.329285 0.110962 -0.220947
1.46E+15,0.328552,0.111145,-0.22113,-0.911499,0.328552 0.111145 -0.22113
1.46E+15,0.328552,0.111145,-0.22113,-0.911499,0.328552 0.111145 -0.22113
1.46E+15,0.328857,0.111206,-0.221375,-0.911316,0.328857 0.111206 -0.221375
1.46E+15,0.329285,0.111267,-0.221924,-0.911011,0.329285 0.111267 -0.221924
1.46E+15,0.3302,0.111572,-0.222595,-0.910522,0.3302 0.111572 -0.222595
1.46E+15,0.331116,0.112549,-0.222839,-0.909973,0.331116 0.112549 -0.222839
1.46E+15,0.331848,0.111633,-0.223694,-0.909607,0.331848 0.111633 -0.223694
1.46E+15,0.332092,0.110535,-0.22406,-0.909607,0.332092 0.110535 -0.22406
1.46E+15,0.331238,0.110046,-0.223999,-0.909973,0.331238 0.110046 -0.223999
1.46E+15,0.331726,0.110718,-0.223694,-0.90979,0.331726 0.110718 -0.223694
1.46E+15,0.330811,0.11145,-0.223511,-0.910095,0.330811 0.11145 -0.223511
1.46E+15,0.330139,0.111755,-0.223694,-0.910217,0.330139 0.111755 -0.223694
1.46E+15,0.330444,0.112122,-0.223816,-0.910034,0.330444 0.112122 -0.223816
1.46E+15,0.331055,0.112366,-0.223938,-0.90979,0.331055 0.112366 -0.223938
1.46E+15,0.330994,0.112,-0.224304,-0.909729,0.330994 0.112 -0.224304
1.46E+15,0.330811,0.111572,-0.224548,-0.90979,0.330811 0.111572 -0.224548
1.46E+15,0.33075,0.111206,-0.224731,-0.909851,0.33075 0.111206 -0.224731
1.46E+15,0.331116,0.111145,-0.224915,-0.909668,0.331116 0.111145 -0.224915
1.46E+15,0.331177,0.111267,-0.225037,-0.909607,0.331177 0.111267 -0.225037
1.46E+15,0.331177,0.111267,-0.224976,-0.909607,0.331177 0.111267 -0.224976
1.46E+15,0.331177,0.111389,-0.22522,-0.909546,0.331177 0.111389 -0.22522
1.46E+15,0.331665,0.111633,-0.225403,-0.909302,0.331665 0.111633 -0.225403
1.46E+15,0.332031,0.111816,-0.225708,-0.909058,0.332031 0.111816 -0.225708
1.46E+15,0.332031,0.111816,-0.225708,-0.909058,0.332031 0.111816 -0.225708
1.46E+15,0.332031,0.111816,-0.225708,-0.909058,0.332031 0.111816 -0.225708
1.46E+15,0.332092,0.111755,-0.225952,-0.908936,0.332092 0.111755 -0.225952
1.46E+15,0.332092,0.111755,-0.225952,-0.908936,0.332092 0.111755 -0.225952
1.46E+15,0.332092,0.111755,-0.225952,-0.908936,0.332092 0.111755 -0.225952
1.46E+15,0.332092,0.111816,-0.225952,-0.908936,0.332092 0.111816 -0.225952
1.46E+15,0.332092,0.111816,-0.225952,-0.908936,0.332092 0.111816 -0.225952
1.46E+15,0.332336,0.111877,-0.225952,-0.908875,0.332336 0.111877 -0.225952
1.46E+15,0.332703,0.111938,-0.226013,-0.908691,0.332703 0.111938 -0.226013
1.46E+15,0.332947,0.112061,-0.226135,-0.908569,0.332947 0.112061 -0.226135
1.46E+15,0.332947,0.112061,-0.226135,-0.908569,0.332947 0.112061 -0.226135
1.46E+15,0.332947,0.112061,-0.226135,-0.908569,0.332947 0.112061 -0.226135
1.46E+15,0.332886,0.112061,-0.226135,-0.908569,0.332886 0.112061 -0.226135
1.46E+15,0.33313,0.112183,-0.226074,-0.908508,0.33313 0.112183 -0.226074
1.46E+15,0.33313,0.112183,-0.226074,-0.908508,0.33313 0.112183 -0.226074
1.46E+15,0.333069,0.112122,-0.226135,-0.908508,0.333069 0.112122 -0.226135
1.46E+15,0.333008,0.112122,-0.226135,-0.908508,0.333008 0.112122 -0.226135
1.46E+15,0.333008,0.112122,-0.226135,-0.908508,0.333008 0.112122 -0.226135
1.46E+15,0.333008,0.112122,-0.226074,-0.908569,0.333008 0.112122 -0.226074
1.46E+15,0.333008,0.112183,-0.226074,-0.908569,0.333008 0.112183 -0.226074
1.46E+15,0.332947,0.112427,-0.226135,-0.908508,0.332947 0.112427 -0.226135
1.46E+15,0.332703,0.112549,-0.226257,-0.908569,0.332703 0.112549 -0.226257
1.46E+15,0.332642,0.112549,-0.226257,-0.908569,0.332642 0.112549 -0.226257
1.46E+15,0.333008,0.112549,-0.226318,-0.908447,0.333008 0.112549 -0.226318
1.46E+15,0.333191,0.11261,-0.22644,-0.908325,0.333191 0.11261 -0.22644
1.46E+15,0.333191,0.112549,-0.22644,-0.908325,0.333191 0.112549 -0.22644
1.46E+15,0.33313,0.112549,-0.22644,-0.908386,0.33313 0.112549 -0.22644
1.46E+15,0.333252,0.112549,-0.226563,-0.908264,0.333252 0.112549 -0.226563
1.46E+15,0.333435,0.112671,-0.226746,-0.908142,0.333435 0.112671 -0.226746
1.46E+15,0.333374,0.112793,-0.22699,-0.908081,0.333374 0.112793 -0.22699
1.46E+15,0.33313,0.112793,-0.227234,-0.908142,0.33313 0.112793 -0.227234
1.46E+15,0.333069,0.112793,-0.227234,-0.908142,0.333069 0.112793 -0.227234
1.46E+15,0.333435,0.112976,-0.227417,-0.907959,0.333435 0.112976 -0.227417
1.46E+15,0.333679,0.113159,-0.2276,-0.907776,0.333679 0.113159 -0.2276
1.46E+15,0.333679,0.113159,-0.22821,-0.907654,0.333679 0.113159 -0.22821
1.46E+15,0.333496,0.113342,-0.228516,-0.907593,0.333496 0.113342 -0.228516
1.46E+15,0.333069,0.113403,-0.228699,-0.907715,0.333069 0.113403 -0.228699
1.46E+15,0.332947,0.113831,-0.228943,-0.907654,0.332947 0.113831 -0.228943
1.46E+15,0.33252,0.114136,-0.229065,-0.907715,0.33252 0.114136 -0.229065
1.46E+15,0.332031,0.113953,-0.229553,-0.907776,0.332031 0.113953 -0.229553
1.46E+15,0.331909,0.113953,-0.229858,-0.907776,0.331909 0.113953 -0.229858
1.46E+15,0.331421,0.114014,-0.229919,-0.907959,0.331421 0.114014 -0.229919
1.46E+15,0.331055,0.114075,-0.229919,-0.90802,0.331055 0.114075 -0.229919
1.46E+15,0.330505,0.114014,-0.229736,-0.908325,0.330505 0.114014 -0.229736
1.46E+15,0.330505,0.114014,-0.229736,-0.908325,0.330505 0.114014 -0.229736
1.46E+15,0.330505,0.114014,-0.229736,-0.908325,0.330505 0.114014 -0.229736
1.46E+15,0.3302,0.113953,-0.229736,-0.908447,0.3302 0.113953 -0.229736
1.46E+15,0.330139,0.113892,-0.229736,-0.908447,0.330139 0.113892 -0.229736
1.46E+15,0.330139,0.113647,-0.229919,-0.908447,0.330139 0.113647 -0.229919
1.46E+15,0.330505,0.11377,-0.230408,-0.908203,0.330505 0.11377 -0.230408
1.46E+15,0.330994,0.114502,-0.230774,-0.907776,0.330994 0.114502 -0.230774
1.46E+15,0.331909,0.115662,-0.230957,-0.907288,0.331909 0.115662 -0.230957
1.46E+15,0.331848,0.115356,-0.231934,-0.907104,0.331848 0.115356 -0.231934
1.46E+15,0.330872,0.114563,-0.231995,-0.907532,0.330872 0.114563 -0.231995
1.46E+15,0.3302,0.11438,-0.231934,-0.907837,0.3302 0.11438 -0.231934
1.46E+15,0.330322,0.114868,-0.231689,-0.907776,0.330322 0.114868 -0.231689
1.46E+15,0.329346,0.115234,-0.231628,-0.908081,0.329346 0.115234 -0.231628
1.46E+15,0.328796,0.115479,-0.231628,-0.908264,0.328796 0.115479 -0.231628
1.46E+15,0.329224,0.115906,-0.231567,-0.908081,0.329224 0.115906 -0.231567
1.46E+15,0.329773,0.116211,-0.231384,-0.907898,0.329773 0.116211 -0.231384
1.46E+15,0.329956,0.115906,-0.231323,-0.907898,0.329956 0.115906 -0.231323
1.46E+15,0.329712,0.115295,-0.231506,-0.90802,0.329712 0.115295 -0.231506
1.46E+15,0.329956,0.115173,-0.231567,-0.907898,0.329956 0.115173 -0.231567
1.46E+15,0.330261,0.115356,-0.231567,-0.907776,0.330261 0.115356 -0.231567
1.46E+15,0.3302,0.115356,-0.231567,-0.907776,0.3302 0.115356 -0.231567
1.46E+15,0.3302,0.115356,-0.231567,-0.907776,0.3302 0.115356 -0.231567
1.46E+15,0.3302,0.115479,-0.231628,-0.907776,0.3302 0.115479 -0.231628
1.46E+15,0.330566,0.115784,-0.231812,-0.907532,0.330566 0.115784 -0.231812
1.46E+15,0.330688,0.115906,-0.231995,-0.90741,0.330688 0.115906 -0.231995
1.46E+15,0.330566,0.115967,-0.232239,-0.90741,0.330566 0.115967 -0.232239
1.46E+15,0.330078,0.115784,-0.2323,-0.907593,0.330078 0.115784 -0.2323
1.46E+15,0.330017,0.115784,-0.232544,-0.907532,0.330017 0.115784 -0.232544
1.46E+15,0.330017,0.116089,-0.232544,-0.907532,0.330017 0.116089 -0.232544
1.46E+15,0.330017,0.116333,-0.232727,-0.90741,0.330017 0.116333 -0.232727
1.46E+15,0.330017,0.116333,-0.232727,-0.907471,0.330017 0.116333 -0.232727
1.46E+15,0.330017,0.116333,-0.232727,-0.907471,0.330017 0.116333 -0.232727
1.46E+15,0.330322,0.116394,-0.232849,-0.907288,0.330322 0.116394 -0.232849
1.46E+15,0.330322,0.116394,-0.232849,-0.907288,0.330322 0.116394 -0.232849
1.46E+15,0.330261,0.116394,-0.232849,-0.907288,0.330261 0.116394 -0.232849
1.46E+15,0.330261,0.116394,-0.232849,-0.907288,0.330261 0.116394 -0.232849
1.46E+15,0.3302,0.116394,-0.232849,-0.907349,0.3302 0.116394 -0.232849
1.46E+15,0.3302,0.116394,-0.232849,-0.907349,0.3302 0.116394 -0.232849
1.46E+15,0.330261,0.116394,-0.232849,-0.907288,0.330261 0.116394 -0.232849
1.46E+15,0.330505,0.116455,-0.23291,-0.907166,0.330505 0.116455 -0.23291
1.46E+15,0.330627,0.116577,-0.232971,-0.907104,0.330627 0.116577 -0.232971
1.46E+15,0.330627,0.116577,-0.232971,-0.907104,0.330627 0.116577 -0.232971
1.46E+15,0.330627,0.116577,-0.232971,-0.907104,0.330627 0.116577 -0.232971
1.46E+15,0.330627,0.116577,-0.232971,-0.907104,0.330627 0.116577 -0.232971
1.46E+15,0.330627,0.116577,-0.232971,-0.907104,0.330627 0.116577 -0.232971
1.46E+15,0.330566,0.116577,-0.232971,-0.907104,0.330566 0.116577 -0.232971
1.46E+15,0.330566,0.116577,-0.232971,-0.907104,0.330566 0.116577 -0.232971
1.46E+15,0.330566,0.116577,-0.232971,-0.907166,0.330566 0.116577 -0.232971
1.46E+15,0.330811,0.116516,-0.233032,-0.907043,0.330811 0.116516 -0.233032
1.46E+15,0.330811,0.116516,-0.233032,-0.907043,0.330811 0.116516 -0.233032
1.46E+15,0.33075,0.116516,-0.233032,-0.907043,0.33075 0.116516 -0.233032
1.46E+15,0.330688,0.116455,-0.233032,-0.907104,0.330688 0.116455 -0.233032
1.46E+15,0.330688,0.116455,-0.233032,-0.907104,0.330688 0.116455 -0.233032
1.46E+15,0.33075,0.11676,-0.233154,-0.906982,0.33075 0.11676 -0.233154
1.46E+15,0.33075,0.117004,-0.233215,-0.906921,0.33075 0.117004 -0.233215
1.46E+15,0.330444,0.116943,-0.233215,-0.907043,0.330444 0.116943 -0.233215
1.46E+15,0.330139,0.116516,-0.233398,-0.907166,0.330139 0.116516 -0.233398
1.46E+15,0.329956,0.116089,-0.233276,-0.907349,0.329956 0.116089 -0.233276
1.46E+15,0.329834,0.115784,-0.233398,-0.90741,0.329834 0.115784 -0.233398
1.46E+15,0.329834,0.115723,-0.233398,-0.90741,0.329834 0.115723 -0.233398
1.46E+15,0.329285,0.115601,-0.233337,-0.907654,0.329285 0.115601 -0.233337
1.46E+15,0.328674,0.115417,-0.233459,-0.907837,0.328674 0.115417 -0.233459
1.46E+15,0.328186,0.115356,-0.233337,-0.908081,0.328186 0.115356 -0.233337
1.46E+15,0.328125,0.115356,-0.233337,-0.908081,0.328125 0.115356 -0.233337
1.46E+15,0.328186,0.115356,-0.233398,-0.908081,0.328186 0.115356 -0.233398
1.46E+15,0.32782,0.115356,-0.233459,-0.908142,0.32782 0.115356 -0.233459
1.46E+15,0.32782,0.115295,-0.233459,-0.908203,0.32782 0.115295 -0.233459
1.46E+15,0.32782,0.115295,-0.233459,-0.908203,0.32782 0.115295 -0.233459
1.46E+15,0.328003,0.115173,-0.233948,-0.90802,0.328003 0.115173 -0.233948
1.46E+15,0.328552,0.115295,-0.23468,-0.907593,0.328552 0.115295 -0.23468
1.46E+15,0.328979,0.116394,-0.235168,-0.907166,0.328979 0.116394 -0.235168
1.46E+15,0.329346,0.116638,-0.234741,-0.907104,0.329346 0.116638 -0.234741
1.46E+15,0.330017,0.115845,-0.235107,-0.90686,0.330017 0.115845 -0.235107
1.46E+15,0.329224,0.115112,-0.235168,-0.907227,0.329224 0.115112 -0.235168
1.46E+15,0.329407,0.115479,-0.235229,-0.907104,0.329407 0.115479 -0.235229
1.46E+15,0.328857,0.116211,-0.235107,-0.907227,0.328857 0.116211 -0.235107
1.46E+15,0.327515,0.116638,-0.235168,-0.907654,0.327515 0.116638 -0.235168
1.46E+15,0.327271,0.117249,-0.235046,-0.907715,0.327271 0.117249 -0.235046
1.46E+15,0.327759,0.117676,-0.234802,-0.907532,0.327759 0.117676 -0.234802
1.46E+15,0.327881,0.117676,-0.234863,-0.907471,0.327881 0.117676 -0.234863
1.46E+15,0.328247,0.117188,-0.235046,-0.907349,0.328247 0.117188 -0.235046
1.46E+15,0.328735,0.117004,-0.235046,-0.907227,0.328735 0.117004 -0.235046
1.46E+15,0.328918,0.11676,-0.235168,-0.907166,0.328918 0.11676 -0.235168
1.46E+15,0.328796,0.116333,-0.235229,-0.907227,0.328796 0.116333 -0.235229
1.46E+15,0.328918,0.116333,-0.235168,-0.907227,0.328918 0.116333 -0.235168
1.46E+15,0.329163,0.116577,-0.235229,-0.907104,0.329163 0.116577 -0.235229
1.46E+15,0.328979,0.116821,-0.235413,-0.907043,0.328979 0.116821 -0.235413
1.46E+15,0.328735,0.117065,-0.235596,-0.907043,0.328735 0.117065 -0.235596
1.46E+15,0.32843,0.117188,-0.235718,-0.907166,0.32843 0.117188 -0.235718
1.46E+15,0.32843,0.117188,-0.235718,-0.907166,0.32843 0.117188 -0.235718
1.46E+15,0.32843,0.117188,-0.235718,-0.907104,0.32843 0.117188 -0.235718
1.46E+15,0.328491,0.117126,-0.235718,-0.907104,0.328491 0.117126 -0.235718
1.46E+15,0.32843,0.117126,-0.235718,-0.907104,0.32843 0.117126 -0.235718
1.46E+15,0.32843,0.117126,-0.235718,-0.907104,0.32843 0.117126 -0.235718
1.46E+15,0.32843,0.117126,-0.235718,-0.907166,0.32843 0.117126 -0.235718
1.46E+15,0.328613,0.11731,-0.235718,-0.907043,0.328613 0.11731 -0.235718
1.46E+15,0.328613,0.11731,-0.235718,-0.907043,0.328613 0.11731 -0.235718
1.46E+15,0.328613,0.11731,-0.235718,-0.907043,0.328613 0.11731 -0.235718
1.46E+15,0.328613,0.117493,-0.235779,-0.907043,0.328613 0.117493 -0.235779
1.46E+15,0.328796,0.117615,-0.23584,-0.906921,0.328796 0.117615 -0.23584
1.46E+15,0.329041,0.117676,-0.235901,-0.906799,0.329041 0.117676 -0.235901
1.46E+15,0.329285,0.117676,-0.236023,-0.906677,0.329285 0.117676 -0.236023
1.46E+15,0.329285,0.117615,-0.236023,-0.906677,0.329285 0.117615 -0.236023
1.46E+15,0.329285,0.117615,-0.236023,-0.906677,0.329285 0.117615 -0.236023
1.46E+15,0.329285,0.117615,-0.236023,-0.906677,0.329285 0.117615 -0.236023
1.46E+15,0.329224,0.117615,-0.236023,-0.906677,0.329224 0.117615 -0.236023
1.46E+15,0.329224,0.117615,-0.236023,-0.906677,0.329224 0.117615 -0.236023
1.46E+15,0.329224,0.117615,-0.236023,-0.906677,0.329224 0.117615 -0.236023
1.46E+15,0.329224,0.117554,-0.236023,-0.906677,0.329224 0.117554 -0.236023
1.46E+15,0.329224,0.117554,-0.236023,-0.906677,0.329224 0.117554 -0.236023
1.46E+15,0.329224,0.117554,-0.236023,-0.906677,0.329224 0.117554 -0.236023
1.46E+15,0.329224,0.117554,-0.236023,-0.906738,0.329224 0.117554 -0.236023
1.46E+15,0.329224,0.117554,-0.236023,-0.906738,0.329224 0.117554 -0.236023
1.46E+15,0.329224,0.117554,-0.236023,-0.906738,0.329224 0.117554 -0.236023
1.46E+15,0.328979,0.117493,-0.236389,-0.906738,0.328979 0.117493 -0.236389
1.46E+15,0.329041,0.117493,-0.236389,-0.906677,0.329041 0.117493 -0.236389
1.46E+15,0.328857,0.11731,-0.236267,-0.906799,0.328857 0.11731 -0.236267
1.46E+15,0.328003,0.116699,-0.236267,-0.907227,0.328003 0.116699 -0.236267
1.46E+15,0.327332,0.115967,-0.236267,-0.907532,0.327332 0.115967 -0.236267
1.46E+15,0.327454,0.115723,-0.236267,-0.907532,0.327454 0.115723 -0.236267
1.46E+15,0.327209,0.115662,-0.236328,-0.907593,0.327209 0.115662 -0.236328
1.46E+15,0.327026,0.115662,-0.236572,-0.907593,0.327026 0.115662 -0.236572
1.46E+15,0.327026,0.115601,-0.236572,-0.907593,0.327026 0.115601 -0.236572
1.46E+15,0.327087,0.115723,-0.236633,-0.907593,0.327087 0.115723 -0.236633
1.46E+15,0.327515,0.115784,-0.236938,-0.907349,0.327515 0.115784 -0.236938
1.46E+15,0.327881,0.115662,-0.237793,-0.906982,0.327881 0.115662 -0.237793
1.46E+15,0.328186,0.116333,-0.238342,-0.906616,0.328186 0.116333 -0.238342
1.46E+15,0.328552,0.117432,-0.237366,-0.906616,0.328552 0.117432 -0.237366
1.46E+15,0.329102,0.117249,-0.237854,-0.906311,0.329102 0.117249 -0.237854
1.46E+15,0.328125,0.116577,-0.237732,-0.906799,0.328125 0.116577 -0.237732
1.46E+15,0.328064,0.116516,-0.237732,-0.906799,0.328064 0.116516 -0.237732
1.46E+15,0.328064,0.117065,-0.237732,-0.906738,0.328064 0.117065 -0.237732
1.46E+15,0.327515,0.117371,-0.237732,-0.906921,0.327515 0.117371 -0.237732
1.46E+15,0.326904,0.117981,-0.237549,-0.907104,0.326904 0.117981 -0.237549
1.46E+15,0.326904,0.118652,-0.237427,-0.907043,0.326904 0.118652 -0.237427
1.46E+15,0.326782,0.118591,-0.237549,-0.907043,0.326782 0.118591 -0.237549
1.46E+15,0.326965,0.118164,-0.237488,-0.907043,0.326965 0.118164 -0.237488
1.46E+15,0.327759,0.117432,-0.23761,-0.90686,0.327759 0.117432 -0.23761
1.46E+15,0.32843,0.11731,-0.23761,-0.906616,0.32843 0.11731 -0.23761
1.46E+15,0.32843,0.117493,-0.237793,-0.906555,0.32843 0.117493 -0.237793
1.46E+15,0.328247,0.117615,-0.237915,-0.906555,0.328247 0.117615 -0.237915
1.46E+15,0.328247,0.117798,-0.238037,-0.906494,0.328247 0.117798 -0.238037
1.46E+15,0.328735,0.118408,-0.238159,-0.90625,0.328735 0.118408 -0.238159
1.46E+15,0.328674,0.118835,-0.238098,-0.906189,0.328674 0.118835 -0.238098
1.46E+15,0.328064,0.118774,-0.238403,-0.906372,0.328064 0.118774 -0.238403
1.46E+15,0.327759,0.118835,-0.238647,-0.906372,0.327759 0.118835 -0.238647
1.46E+15,0.327759,0.118835,-0.238647,-0.906372,0.327759 0.118835 -0.238647
1.46E+15,0.327942,0.119019,-0.23877,-0.90625,0.327942 0.119019 -0.23877
1.46E+15,0.327942,0.119019,-0.23877,-0.90625,0.327942 0.119019 -0.23877
1.46E+15,0.327881,0.119202,-0.238831,-0.90625,0.327881 0.119202 -0.238831
1.46E+15,0.328064,0.119385,-0.23877,-0.906189,0.328064 0.119385 -0.23877
1.46E+15,0.328064,0.119385,-0.23877,-0.906189,0.328064 0.119385 -0.23877
1.46E+15,0.328064,0.119385,-0.23877,-0.906189,0.328064 0.119385 -0.23877
1.46E+15,0.328064,0.119324,-0.23877,-0.906189,0.328064 0.119324 -0.23877
1.46E+15,0.328003,0.119324,-0.238831,-0.906189,0.328003 0.119324 -0.238831
1.46E+15,0.328003,0.119324,-0.238831,-0.906189,0.328003 0.119324 -0.238831
1.46E+15,0.328064,0.119507,-0.238831,-0.906128,0.328064 0.119507 -0.238831
1.46E+15,0.327942,0.119568,-0.238953,-0.906128,0.327942 0.119568 -0.238953
1.46E+15,0.327698,0.119568,-0.239075,-0.906189,0.327698 0.119568 -0.239075
1.46E+15,0.327698,0.119568,-0.239075,-0.906189,0.327698 0.119568 -0.239075
1.46E+15,0.327698,0.119568,-0.239075,-0.906189,0.327698 0.119568 -0.239075
1.46E+15,0.327698,0.119568,-0.239075,-0.906189,0.327698 0.119568 -0.239075
1.46E+15,0.327698,0.119568,-0.239075,-0.906189,0.327698 0.119568 -0.239075
1.46E+15,0.327698,0.119568,-0.239075,-0.906189,0.327698 0.119568 -0.239075
1.46E+15,0.327637,0.119568,-0.239075,-0.906189,0.327637 0.119568 -0.239075
1.46E+15,0.327637,0.119568,-0.239075,-0.906189,0.327637 0.119568 -0.239075
1.46E+15,0.327698,0.119568,-0.239075,-0.906189,0.327698 0.119568 -0.239075
1.46E+15,0.327698,0.119568,-0.239075,-0.906189,0.327698 0.119568 -0.239075
1.46E+15,0.327454,0.119751,-0.239197,-0.90625,0.327454 0.119751 -0.239197
1.46E+15,0.327454,0.119751,-0.239197,-0.90625,0.327454 0.119751 -0.239197
1.46E+15,0.327454,0.119751,-0.239197,-0.90625,0.327454 0.119751 -0.239197
1.46E+15,0.327515,0.119812,-0.239197,-0.906189,0.327515 0.119812 -0.239197
1.46E+15,0.32666,0.11969,-0.23938,-0.906494,0.32666 0.11969 -0.23938
1.46E+15,0.325684,0.119263,-0.239624,-0.906799,0.325684 0.119263 -0.239624
1.46E+15,0.325684,0.119263,-0.239624,-0.906799,0.325684 0.119263 -0.239624
1.46E+15,0.325684,0.119263,-0.239685,-0.906799,0.325684 0.119263 -0.239685
1.46E+15,0.325623,0.119263,-0.239685,-0.906799,0.325623 0.119263 -0.239685
1.46E+15,0.325439,0.119019,-0.239807,-0.906921,0.325439 0.119019 -0.239807
1.46E+15,0.325378,0.118958,-0.239807,-0.906921,0.325378 0.118958 -0.239807
1.46E+15,0.325562,0.119141,-0.239868,-0.906799,0.325562 0.119141 -0.239868
1.46E+15,0.325806,0.119385,-0.239868,-0.906677,0.325806 0.119385 -0.239868
1.46E+15,0.325806,0.119324,-0.240173,-0.906616,0.325806 0.119324 -0.240173
1.46E+15,0.325989,0.11908,-0.240967,-0.906372,0.325989 0.11908 -0.240967
1.46E+15,0.32666,0.119995,-0.241394,-0.905884,0.32666 0.119995 -0.241394
1.46E+15,0.327759,0.119507,-0.24176,-0.905457,0.327759 0.119507 -0.24176
1.46E+15,0.328918,0.118286,-0.242249,-0.90509,0.328918 0.118286 -0.242249
1.46E+15,0.328064,0.117737,-0.242004,-0.905518,0.328064 0.117737 -0.242004
1.46E+15,0.327332,0.118042,-0.241638,-0.905884,0.327332 0.118042 -0.241638
1.46E+15,0.325684,0.119324,-0.241577,-0.906311,0.325684 0.119324 -0.241577
1.46E+15,0.324402,0.119995,-0.241394,-0.906677,0.324402 0.119995 -0.241394
1.46E+15,0.324646,0.120422,-0.24115,-0.906616,0.324646 0.120422 -0.24115
1.46E+15,0.325806,0.1203,-0.241089,-0.90625,0.325806 0.1203 -0.241089
1.46E+15,0.326965,0.119812,-0.241211,-0.905884,0.326965 0.119812 -0.241211
1.46E+15,0.327515,0.119568,-0.241577,-0.90564,0.327515 0.119568 -0.241577
1.46E+15,0.327454,0.119446,-0.241638,-0.90564,0.327454 0.119446 -0.241638
1.46E+15,0.327332,0.119385,-0.241638,-0.905701,0.327332 0.119385 -0.241638
1.46E+15,0.327087,0.119324,-0.241394,-0.905823,0.327087 0.119324 -0.241394
1.46E+15,0.327332,0.119446,-0.241394,-0.905762,0.327332 0.119446 -0.241394
1.46E+15,0.327576,0.119629,-0.241516,-0.905579,0.327576 0.119629 -0.241516
1.46E+15,0.327515,0.119873,-0.241699,-0.905518,0.327515 0.119873 -0.241699
1.46E+15,0.327515,0.119995,-0.241821,-0.905457,0.327515 0.119995 -0.241821
1.46E+15,0.327576,0.120117,-0.242004,-0.905396,0.327576 0.120117 -0.242004
1.46E+15,0.328003,0.120483,-0.241943,-0.905212,0.328003 0.120483 -0.241943
1.46E+15,0.328186,0.120605,-0.24176,-0.905151,0.328186 0.120605 -0.24176
1.46E+15,0.328186,0.120605,-0.24176,-0.905151,0.328186 0.120605 -0.24176
1.46E+15,0.328186,0.120605,-0.24176,-0.905151,0.328186 0.120605 -0.24176
1.46E+15,0.328308,0.120789,-0.241821,-0.90509,0.328308 0.120789 -0.241821
1.46E+15,0.328308,0.120728,-0.241821,-0.90509,0.328308 0.120728 -0.241821
1.46E+15,0.328308,0.120728,-0.241821,-0.90509,0.328308 0.120728 -0.241821
1.46E+15,0.328308,0.120728,-0.241821,-0.90509,0.328308 0.120728 -0.241821
1.46E+15,0.328308,0.120728,-0.241821,-0.90509,0.328308 0.120728 -0.241821
1.46E+15,0.328308,0.120728,-0.241821,-0.90509,0.328308 0.120728 -0.241821
1.46E+15,0.328247,0.120728,-0.241821,-0.90509,0.328247 0.120728 -0.241821
1.46E+15,0.328247,0.120728,-0.241821,-0.90509,0.328247 0.120728 -0.241821
1.46E+15,0.328247,0.120728,-0.241821,-0.905151,0.328247 0.120728 -0.241821
1.46E+15,0.328186,0.120728,-0.241821,-0.905151,0.328186 0.120728 -0.241821
1.46E+15,0.328186,0.120728,-0.241821,-0.905151,0.328186 0.120728 -0.241821
1.46E+15,0.328186,0.120728,-0.241821,-0.905151,0.328186 0.120728 -0.241821
1.46E+15,0.328186,0.120728,-0.241821,-0.905151,0.328186 0.120728 -0.241821
1.46E+15,0.328186,0.120667,-0.242004,-0.90509,0.328186 0.120667 -0.242004
1.46E+15,0.327942,0.120667,-0.242249,-0.90509,0.327942 0.120667 -0.242249
1.46E+15,0.327942,0.120667,-0.242249,-0.905151,0.327942 0.120667 -0.242249
1.46E+15,0.328064,0.120728,-0.242432,-0.905029,0.328064 0.120728 -0.242432
1.46E+15,0.328247,0.120972,-0.242615,-0.904907,0.328247 0.120972 -0.242615
1.46E+15,0.328247,0.120972,-0.242554,-0.904846,0.328247 0.120972 -0.242554
1.46E+15,0.328064,0.120789,-0.242432,-0.905029,0.328064 0.120789 -0.242432
1.46E+15,0.327393,0.120239,-0.24231,-0.905334,0.327393 0.120239 -0.24231
1.46E+15,0.327148,0.119507,-0.242493,-0.905518,0.327148 0.119507 -0.242493
1.46E+15,0.327637,0.119202,-0.242554,-0.905334,0.327637 0.119202 -0.242554
1.46E+15,0.327148,0.119019,-0.242676,-0.905518,0.327148 0.119019 -0.242676
1.46E+15,0.326721,0.118713,-0.242981,-0.90564,0.326721 0.118713 -0.242981
1.46E+15,0.32666,0.118713,-0.242981,-0.90564,0.32666 0.118713 -0.242981
1.46E+15,0.326782,0.119019,-0.24292,-0.905579,0.326782 0.119019 -0.24292
1.46E+15,0.327271,0.119263,-0.243164,-0.905334,0.327271 0.119263 -0.243164
1.46E+15,0.327515,0.119019,-0.243896,-0.905029,0.327515 0.119019 -0.243896
1.46E+15,0.32782,0.119446,-0.244568,-0.904724,0.32782 0.119446 -0.244568
1.46E+15,0.328552,0.121155,-0.244751,-0.904175,0.328552 0.121155 -0.244751
1.46E+15,0.329224,0.120911,-0.246216,-0.903564,0.329224 0.120911 -0.246216
1.46E+15,0.329224,0.119995,-0.246277,-0.903687,0.329224 0.119995 -0.246277
1.46E+15,0.328735,0.119751,-0.245972,-0.903931,0.328735 0.119751 -0.245972
1.46E+15,0.328674,0.120544,-0.245667,-0.903992,0.328674 0.120544 -0.245667
1.46E+15,0.327087,0.121277,-0.245361,-0.904541,0.327087 0.121277 -0.245361
1.46E+15,0.32605,0.121521,-0.245422,-0.904846,0.32605 0.121521 -0.245422
1.46E+15,0.326782,0.121704,-0.2453,-0.904602,0.326782 0.121704 -0.2453
1.46E+15,0.327942,0.121826,-0.245178,-0.904175,0.327942 0.121826 -0.245178
1.46E+15,0.328369,0.121582,-0.245361,-0.903992,0.328369 0.121582 -0.245361
1.46E+15,0.328369,0.121338,-0.245483,-0.903992,0.328369 0.121338 -0.245483
1.46E+15,0.328369,0.121155,-0.245605,-0.903992,0.328369 0.121155 -0.245605
1.46E+15,0.328491,0.121277,-0.245544,-0.903992,0.328491 0.121277 -0.245544
1.46E+15,0.328491,0.121521,-0.245483,-0.903931,0.328491 0.121521 -0.245483
1.46E+15,0.328491,0.121826,-0.245544,-0.90387,0.328491 0.121826 -0.245544
1.46E+15,0.328491,0.122314,-0.2453,-0.90387,0.328491 0.122314 -0.2453
1.46E+15,0.328491,0.122437,-0.245667,-0.903748,0.328491 0.122437 -0.245667
1.46E+15,0.328247,0.122375,-0.245728,-0.90387,0.328247 0.122375 -0.245728
1.46E+15,0.328247,0.122375,-0.245728,-0.90387,0.328247 0.122375 -0.245728
1.46E+15,0.328247,0.122437,-0.245728,-0.903809,0.328247 0.122437 -0.245728
1.46E+15,0.328308,0.122437,-0.245728,-0.903809,0.328308 0.122437 -0.245728
1.46E+15,0.32843,0.12262,-0.245667,-0.903748,0.32843 0.12262 -0.245667
1.46E+15,0.328552,0.122742,-0.245605,-0.903687,0.328552 0.122742 -0.245605
1.46E+15,0.328552,0.122742,-0.245605,-0.903687,0.328552 0.122742 -0.245605
1.46E+15,0.328552,0.122742,-0.245605,-0.903687,0.328552 0.122742 -0.245605
1.46E+15,0.328552,0.122681,-0.245667,-0.903748,0.328552 0.122681 -0.245667
1.46E+15,0.328491,0.122681,-0.245667,-0.903748,0.328491 0.122681 -0.245667
1.46E+15,0.328491,0.122681,-0.245667,-0.903748,0.328491 0.122681 -0.245667
1.46E+15,0.328491,0.122681,-0.245667,-0.903748,0.328491 0.122681 -0.245667
1.46E+15,0.328491,0.122681,-0.245667,-0.903748,0.328491 0.122681 -0.245667
1.46E+15,0.328491,0.122681,-0.245667,-0.903748,0.328491 0.122681 -0.245667
1.46E+15,0.328369,0.122559,-0.245789,-0.903748,0.328369 0.122559 -0.245789
1.46E+15,0.328369,0.122498,-0.245789,-0.903748,0.328369 0.122498 -0.245789
1.46E+15,0.328491,0.122681,-0.24585,-0.903687,0.328491 0.122681 -0.24585
1.46E+15,0.328491,0.122681,-0.24585,-0.903687,0.328491 0.122681 -0.24585
1.46E+15,0.328491,0.122681,-0.24585,-0.903687,0.328491 0.122681 -0.24585
1.46E+15,0.328491,0.122681,-0.24585,-0.903687,0.328491 0.122681 -0.24585
1.46E+15,0.328491,0.12262,-0.24585,-0.903687,0.328491 0.12262 -0.24585
1.46E+15,0.328369,0.12262,-0.246155,-0.903625,0.328369 0.12262 -0.246155
1.46E+15,0.328369,0.12262,-0.246155,-0.903625,0.328369 0.12262 -0.246155
1.46E+15,0.328064,0.122559,-0.246216,-0.903748,0.328064 0.122559 -0.246216
1.46E+15,0.328064,0.122559,-0.246216,-0.903748,0.328064 0.122559 -0.246216
1.46E+15,0.327393,0.122131,-0.246216,-0.904053,0.327393 0.122131 -0.246216
1.46E+15,0.326965,0.121643,-0.246399,-0.904236,0.326965 0.121643 -0.246399
1.46E+15,0.32666,0.121399,-0.246338,-0.904419,0.32666 0.121399 -0.246338
1.46E+15,0.32605,0.12146,-0.246338,-0.904602,0.32605 0.12146 -0.246338
1.46E+15,0.326111,0.121582,-0.246643,-0.90448,0.326111 0.121582 -0.246643
1.46E+15,0.32605,0.121643,-0.246826,-0.904419,0.32605 0.121643 -0.246826
1.46E+15,0.325989,0.121826,-0.247192,-0.904358,0.325989 0.121826 -0.247192
1.46E+15,0.326477,0.122314,-0.247681,-0.903992,0.326477 0.122314 -0.247681
1.46E+15,0.326965,0.123596,-0.247742,-0.903564,0.326965 0.123596 -0.247742
1.46E+15,0.327454,0.12323,-0.248535,-0.903259,0.327454 0.12323 -0.248535
1.46E+15,0.327332,0.122559,-0.248535,-0.903381,0.327332 0.122559 -0.248535
1.46E+15,0.326477,0.122253,-0.248291,-0.903809,0.326477 0.122253 -0.248291
1.46E+15,0.326782,0.12262,-0.248413,-0.903625,0.326782 0.12262 -0.248413
1.46E+15,0.326355,0.123108,-0.248474,-0.903687,0.326355 0.123108 -0.248474
1.46E+15,0.326111,0.123413,-0.248413,-0.903748,0.326111 0.123413 -0.248413
1.46E+15,0.325745,0.12384,-0.248169,-0.90387,0.325745 0.12384 -0.248169
1.46E+15,0.325745,0.12384,-0.248169,-0.90387,0.325745 0.12384 -0.248169
1.46E+15,0.325745,0.123779,-0.248169,-0.90387,0.325745 0.123779 -0.248169
1.46E+15,0.326172,0.123596,-0.248291,-0.903748,0.326172 0.123596 -0.248291
1.46E+15,0.326599,0.123657,-0.248413,-0.903564,0.326599 0.123657 -0.248413
1.46E+15,0.326721,0.123901,-0.248474,-0.903442,0.326721 0.123901 -0.248474
1.46E+15,0.326782,0.124023,-0.248596,-0.903381,0.326782 0.124023 -0.248596
1.46E+15,0.327026,0.12439,-0.248413,-0.903259,0.327026 0.12439 -0.248413
1.46E+15,0.327087,0.124512,-0.248657,-0.903198,0.327087 0.124512 -0.248657
1.46E+15,0.326721,0.124451,-0.248718,-0.90332,0.326721 0.124451 -0.248718
1.46E+15,0.32666,0.124451,-0.248962,-0.903259,0.32666 0.124451 -0.248962
1.46E+15,0.326965,0.12439,-0.249146,-0.903076,0.326965 0.12439 -0.249146
1.46E+15,0.326965,0.12439,-0.249146,-0.903076,0.326965 0.12439 -0.249146
1.46E+15,0.326965,0.12439,-0.249146,-0.903076,0.326965 0.12439 -0.249146
1.46E+15,0.326965,0.12439,-0.249146,-0.903076,0.326965 0.12439 -0.249146
1.46E+15,0.327148,0.124329,-0.249207,-0.903015,0.327148 0.124329 -0.249207
1.46E+15,0.327454,0.124451,-0.249207,-0.902893,0.327454 0.124451 -0.249207
1.46E+15,0.32782,0.124573,-0.249268,-0.90271,0.32782 0.124573 -0.249268
1.46E+15,0.32782,0.124573,-0.249268,-0.90271,0.32782 0.124573 -0.249268
1.46E+15,0.32782,0.124512,-0.249268,-0.902771,0.32782 0.124512 -0.249268
1.46E+15,0.327759,0.124512,-0.249268,-0.902771,0.327759 0.124512 -0.249268
1.46E+15,0.327759,0.124512,-0.249268,-0.902771,0.327759 0.124512 -0.249268
1.46E+15,0.327759,0.124512,-0.249268,-0.902771,0.327759 0.124512 -0.249268
1.46E+15,0.327759,0.124512,-0.249268,-0.902771,0.327759 0.124512 -0.249268
1.46E+15,0.327759,0.124512,-0.249268,-0.902771,0.327759 0.124512 -0.249268
1.46E+15,0.327759,0.124512,-0.249268,-0.902771,0.327759 0.124512 -0.249268
1.46E+15,0.327759,0.124512,-0.249268,-0.902771,0.327759 0.124512 -0.249268
1.46E+15,0.327759,0.124512,-0.249268,-0.902771,0.327759 0.124512 -0.249268
1.46E+15,0.327759,0.124512,-0.249268,-0.902771,0.327759 0.124512 -0.249268
1.46E+15,0.327759,0.124512,-0.249268,-0.902771,0.327759 0.124512 -0.249268
1.46E+15,0.327576,0.124329,-0.249695,-0.90271,0.327576 0.124329 -0.249695
1.46E+15,0.327637,0.12439,-0.25,-0.902649,0.327637 0.12439 -0.25
1.46E+15,0.327698,0.124512,-0.249634,-0.90271,0.327698 0.124512 -0.249634
1.46E+15,0.326172,0.123779,-0.249756,-0.90332,0.326172 0.123779 -0.249756
1.46E+15,0.325928,0.123047,-0.249939,-0.903442,0.325928 0.123047 -0.249939
1.46E+15,0.326233,0.122803,-0.249817,-0.903381,0.326233 0.122803 -0.249817
1.46E+15,0.326111,0.122803,-0.249817,-0.903442,0.326111 0.122803 -0.249817
1.46E+15,0.325623,0.122498,-0.25,-0.903625,0.325623 0.122498 -0.25
1.46E+15,0.325256,0.12207,-0.25,-0.903809,0.325256 0.12207 -0.25
1.46E+15,0.325378,0.122314,-0.25,-0.903687,0.325378 0.122314 -0.25
1.46E+15,0.325562,0.122559,-0.250183,-0.903564,0.325562 0.122559 -0.250183
1.46E+15,0.325378,0.122559,-0.250549,-0.903564,0.325378 0.122559 -0.250549
1.46E+15,0.3255,0.122559,-0.25116,-0.90332,0.3255 0.122559 -0.25116
1.46E+15,0.32605,0.123169,-0.251831,-0.902832,0.32605 0.123169 -0.251831
1.46E+15,0.326904,0.125183,-0.251892,-0.902222,0.326904 0.125183 -0.251892
1.46E+15,0.327271,0.125061,-0.253357,-0.901733,0.327271 0.125061 -0.253357
1.46E+15,0.326904,0.124451,-0.253418,-0.901917,0.326904 0.124451 -0.253418
1.46E+15,0.325806,0.12439,-0.253113,-0.902405,0.325806 0.12439 -0.253113
1.46E+15,0.325989,0.125305,-0.252869,-0.902283,0.325989 0.125305 -0.252869
1.46E+15,0.325012,0.125854,-0.252747,-0.902588,0.325012 0.125854 -0.252747
1.46E+15,0.324768,0.126099,-0.252686,-0.902649,0.324768 0.126099 -0.252686
1.46E+15,0.325439,0.126404,-0.252686,-0.902405,0.325439 0.126404 -0.252686
1.46E+15,0.326294,0.126465,-0.252869,-0.902039,0.326294 0.126465 -0.252869
1.46E+15,0.32666,0.126587,-0.25293,-0.901855,0.32666 0.126587 -0.25293
1.46E+15,0.32666,0.126587,-0.25293,-0.901855,0.32666 0.126587 -0.25293
1.46E+15,0.326599,0.126587,-0.25293,-0.901855,0.326599 0.126587 -0.25293
1.46E+15,0.326599,0.126526,-0.252991,-0.901855,0.326599 0.126526 -0.252991
1.46E+15,0.32666,0.126709,-0.253113,-0.901794,0.32666 0.126709 -0.253113
1.46E+15,0.326538,0.127014,-0.253235,-0.901733,0.326538 0.127014 -0.253235
1.46E+15,0.326294,0.127197,-0.253357,-0.901794,0.326294 0.127197 -0.253357
1.46E+15,0.326233,0.12738,-0.253479,-0.901733,0.326233 0.12738 -0.253479
1.46E+15,0.326416,0.127686,-0.253662,-0.90155,0.326416 0.127686 -0.253662
1.46E+15,0.326477,0.127625,-0.253662,-0.90155,0.326477 0.127625 -0.253662
1.46E+15,0.326477,0.127625,-0.253662,-0.90155,0.326477 0.127625 -0.253662
1.46E+15,0.326477,0.127625,-0.253662,-0.90155,0.326477 0.127625 -0.253662
1.46E+15,0.326538,0.127869,-0.253662,-0.901489,0.326538 0.127869 -0.253662
1.46E+15,0.326233,0.12793,-0.253784,-0.90155,0.326233 0.12793 -0.253784
1.46E+15,0.326233,0.12793,-0.253784,-0.901611,0.326233 0.12793 -0.253784
1.46E+15,0.326172,0.12793,-0.253784,-0.901611,0.326172 0.12793 -0.253784
1.46E+15,0.326233,0.12793,-0.253784,-0.901611,0.326233 0.12793 -0.253784
1.46E+15,0.326172,0.12793,-0.253784,-0.901611,0.326172 0.12793 -0.253784
1.46E+15,0.326172,0.12793,-0.253784,-0.901611,0.326172 0.12793 -0.253784
1.46E+15,0.326172,0.12793,-0.253784,-0.901611,0.326172 0.12793 -0.253784
1.46E+15,0.326172,0.12793,-0.253784,-0.901611,0.326172 0.12793 -0.253784
1.46E+15,0.326233,0.127991,-0.253845,-0.90155,0.326233 0.127991 -0.253845
1.46E+15,0.326416,0.128052,-0.253967,-0.901428,0.326416 0.128052 -0.253967
1.46E+15,0.326416,0.128052,-0.253967,-0.901428,0.326416 0.128052 -0.253967
1.46E+15,0.326416,0.128052,-0.253967,-0.901428,0.326416 0.128052 -0.253967
1.46E+15,0.326416,0.128052,-0.253967,-0.901428,0.326416 0.128052 -0.253967
1.46E+15,0.326416,0.128052,-0.253967,-0.901428,0.326416 0.128052 -0.253967
1.46E+15,0.326477,0.128052,-0.254089,-0.901367,0.326477 0.128052 -0.254089
1.46E+15,0.326477,0.128052,-0.254333,-0.901306,0.326477 0.128052 -0.254333
1.46E+15,0.326355,0.128174,-0.2547,-0.901245,0.326355 0.128174 -0.2547
1.46E+15,0.326416,0.128235,-0.2547,-0.901245,0.326416 0.128235 -0.2547
1.46E+15,0.325623,0.127625,-0.254639,-0.901611,0.325623 0.127625 -0.254639
1.46E+15,0.325256,0.127075,-0.255066,-0.901672,0.325256 0.127075 -0.255066
1.46E+15,0.325256,0.126465,-0.254944,-0.901794,0.325256 0.126465 -0.254944
1.46E+15,0.325256,0.126282,-0.255188,-0.901733,0.325256 0.126282 -0.255188
1.46E+15,0.325012,0.126221,-0.255249,-0.901855,0.325012 0.126221 -0.255249
1.46E+15,0.324646,0.126282,-0.25531,-0.901978,0.324646 0.126282 -0.25531
1.46E+15,0.324646,0.126282,-0.25531,-0.901978,0.324646 0.126282 -0.25531
1.46E+15,0.324646,0.126282,-0.25531,-0.901978,0.324646 0.126282 -0.25531
1.46E+15,0.324829,0.12616,-0.255493,-0.901855,0.324829 0.12616 -0.255493
1.46E+15,0.325195,0.125916,-0.256042,-0.901611,0.325195 0.125916 -0.256042
1.46E+15,0.325745,0.125977,-0.256836,-0.901184,0.325745 0.125977 -0.256836
1.46E+15,0.326294,0.127136,-0.257202,-0.900696,0.326294 0.127136 -0.257202
1.46E+15,0.326843,0.126465,-0.258545,-0.900208,0.326843 0.126465 -0.258545
1.46E+15,0.327026,0.125854,-0.258911,-0.900146,0.327026 0.125854 -0.258911
1.46E+15,0.325439,0.125549,-0.258606,-0.900818,0.325439 0.125549 -0.258606
1.46E+15,0.325256,0.126343,-0.258179,-0.900879,0.325256 0.126343 -0.258179
1.46E+15,0.323853,0.127258,-0.257874,-0.901367,0.323853 0.127258 -0.257874
1.46E+15,0.322876,0.127502,-0.257813,-0.901733,0.322876 0.127502 -0.257813
1.46E+15,0.323792,0.127502,-0.257629,-0.901428,0.323792 0.127502 -0.257629
1.46E+15,0.324951,0.127502,-0.257446,-0.901062,0.324951 0.127502 -0.257446
1.46E+15,0.325623,0.127319,-0.257568,-0.900818,0.325623 0.127319 -0.257568
1.46E+15,0.325562,0.127136,-0.257568,-0.900879,0.325562 0.127136 -0.257568
1.46E+15,0.3255,0.126953,-0.25769,-0.900879,0.3255 0.126953 -0.25769
1.46E+15,0.325867,0.127075,-0.257446,-0.900818,0.325867 0.127075 -0.257446
1.46E+15,0.326294,0.127319,-0.257324,-0.900635,0.326294 0.127319 -0.257324
1.46E+15,0.326294,0.127502,-0.257385,-0.900574,0.326294 0.127502 -0.257385
1.46E+15,0.32605,0.127563,-0.257507,-0.900635,0.32605 0.127563 -0.257507
1.46E+15,0.325989,0.127563,-0.257751,-0.900574,0.325989 0.127563 -0.257751
1.46E+15,0.326172,0.127869,-0.257935,-0.900452,0.326172 0.127869 -0.257935
1.46E+15,0.325989,0.127808,-0.25824,-0.900391,0.325989 0.127808 -0.25824
1.46E+15,0.325989,0.127808,-0.25824,-0.900391,0.325989 0.127808 -0.25824
1.46E+15,0.325989,0.127869,-0.25824,-0.900391,0.325989 0.127869 -0.25824
1.46E+15,0.326172,0.127991,-0.258423,-0.900269,0.326172 0.127991 -0.258423
1.46E+15,0.326172,0.127991,-0.258423,-0.900269,0.326172 0.127991 -0.258423
1.46E+15,0.326111,0.127991,-0.258423,-0.900269,0.326111 0.127991 -0.258423
1.46E+15,0.326111,0.12793,-0.258484,-0.90033,0.326111 0.12793 -0.258484
1.46E+15,0.326355,0.128113,-0.258362,-0.900208,0.326355 0.128113 -0.258362
1.46E+15,0.326599,0.128418,-0.258362,-0.900085,0.326599 0.128418 -0.258362
1.46E+15,0.326721,0.128601,-0.258484,-0.899963,0.326721 0.128601 -0.258484
1.46E+15,0.326721,0.128601,-0.258484,-0.899963,0.326721 0.128601 -0.258484
1.46E+15,0.32666,0.128601,-0.258484,-0.899963,0.32666 0.128601 -0.258484
1.46E+15,0.32666,0.128601,-0.258484,-0.899963,0.32666 0.128601 -0.258484
1.46E+15,0.326843,0.128601,-0.258484,-0.899902,0.326843 0.128601 -0.258484
1.46E+15,0.326904,0.128662,-0.258667,-0.899841,0.326904 0.128662 -0.258667
1.46E+15,0.326721,0.128723,-0.258667,-0.899902,0.326721 0.128723 -0.258667
1.46E+15,0.32666,0.128723,-0.258667,-0.899902,0.32666 0.128723 -0.258667
1.46E+15,0.326355,0.128601,-0.258667,-0.900024,0.326355 0.128601 -0.258667
1.46E+15,0.326416,0.128662,-0.258667,-0.900024,0.326416 0.128662 -0.258667
1.46E+15,0.326599,0.128967,-0.258728,-0.899902,0.326599 0.128967 -0.258728
1.46E+15,0.326233,0.129089,-0.25885,-0.899963,0.326233 0.129089 -0.25885
1.46E+15,0.326233,0.129089,-0.25885,-0.899963,0.326233 0.129089 -0.25885
1.46E+15,0.326172,0.129028,-0.25885,-0.899963,0.326172 0.129028 -0.25885
1.46E+15,0.326294,0.12915,-0.258606,-0.900024,0.326294 0.12915 -0.258606
1.46E+15,0.326294,0.129089,-0.258606,-0.900024,0.326294 0.129089 -0.258606
1.46E+15,0.326294,0.129089,-0.258606,-0.900024,0.326294 0.129089 -0.258606
1.46E+15,0.326538,0.12915,-0.258728,-0.899902,0.326538 0.12915 -0.258728
1.46E+15,0.326843,0.12915,-0.258789,-0.89978,0.326843 0.12915 -0.258789
1.46E+15,0.326965,0.128967,-0.258972,-0.899719,0.326965 0.128967 -0.258972
1.46E+15,0.326904,0.128967,-0.258972,-0.899719,0.326904 0.128967 -0.258972
1.46E+15,0.326843,0.128906,-0.259216,-0.899658,0.326843 0.128906 -0.259216
1.46E+15,0.326782,0.128906,-0.259216,-0.899719,0.326782 0.128906 -0.259216
1.46E+15,0.326721,0.128906,-0.259399,-0.899658,0.326721 0.128906 -0.259399
1.46E+15,0.326721,0.128906,-0.259399,-0.899658,0.326721 0.128906 -0.259399
1.46E+15,0.32666,0.128845,-0.259399,-0.899658,0.32666 0.128845 -0.259399
1.46E+15,0.32666,0.128845,-0.259399,-0.899719,0.32666 0.128845 -0.259399
1.46E+15,0.326782,0.128845,-0.259521,-0.899597,0.326782 0.128845 -0.259521
1.46E+15,0.326843,0.128845,-0.259705,-0.899536,0.326843 0.128845 -0.259705
1.46E+15,0.326904,0.128845,-0.259705,-0.899536,0.326904 0.128845 -0.259705
1.46E+15,0.326965,0.128845,-0.259827,-0.899475,0.326965 0.128845 -0.259827
1.46E+15,0.327332,0.128906,-0.259949,-0.899292,0.327332 0.128906 -0.259949
1.46E+15,0.327515,0.128845,-0.26001,-0.899231,0.327515 0.128845 -0.26001
1.46E+15,0.327515,0.128845,-0.26001,-0.899231,0.327515 0.128845 -0.26001
1.46E+15,0.327454,0.128845,-0.26001,-0.899231,0.327454 0.128845 -0.26001
1.46E+15,0.327454,0.128845,-0.26001,-0.899231,0.327454 0.128845 -0.26001
1.46E+15,0.327759,0.128967,-0.26001,-0.899109,0.327759 0.128967 -0.26001
1.46E+15,0.327759,0.128967,-0.26001,-0.899109,0.327759 0.128967 -0.26001
1.46E+15,0.327759,0.128967,-0.26001,-0.899109,0.327759 0.128967 -0.26001
1.46E+15,0.327759,0.128906,-0.26001,-0.899109,0.327759 0.128906 -0.26001
1.46E+15,0.328003,0.128906,-0.260193,-0.898987,0.328003 0.128906 -0.260193
1.46E+15,0.328613,0.129028,-0.260254,-0.898682,0.328613 0.129028 -0.260254
1.46E+15,0.328979,0.128967,-0.260315,-0.89856,0.328979 0.128967 -0.260315
1.46E+15,0.329407,0.128784,-0.260376,-0.898438,0.329407 0.128784 -0.260376
1.46E+15,0.329834,0.12854,-0.26062,-0.898254,0.329834 0.12854 -0.26062
1.46E+15,0.330261,0.128357,-0.260925,-0.89801,0.330261 0.128357 -0.260925
1.46E+15,0.330383,0.128174,-0.261047,-0.897949,0.330383 0.128174 -0.261047
1.46E+15,0.330566,0.127991,-0.261169,-0.897888,0.330566 0.127991 -0.261169
1.46E+15,0.330994,0.127808,-0.26123,-0.897705,0.330994 0.127808 -0.26123
1.46E+15,0.331543,0.127686,-0.261292,-0.897522,0.331543 0.127686 -0.261292
1.46E+15,0.331543,0.127686,-0.261353,-0.897522,0.331543 0.127686 -0.261353
1.46E+15,0.331482,0.127686,-0.261353,-0.897522,0.331482 0.127686 -0.261353
1.46E+15,0.331543,0.12738,-0.261414,-0.897522,0.331543 0.12738 -0.261414
1.46E+15,0.331543,0.12738,-0.261414,-0.897522,0.331543 0.12738 -0.261414
1.46E+15,0.331482,0.127319,-0.261414,-0.897522,0.331482 0.127319 -0.261414
1.46E+15,0.33136,0.127197,-0.261536,-0.897583,0.33136 0.127197 -0.261536
1.46E+15,0.331055,0.126892,-0.26178,-0.897644,0.331055 0.126892 -0.26178
1.46E+15,0.331055,0.126892,-0.26178,-0.897644,0.331055 0.126892 -0.26178
1.46E+15,0.331055,0.126892,-0.26178,-0.897644,0.331055 0.126892 -0.26178
1.46E+15,0.331055,0.126892,-0.26178,-0.897644,0.331055 0.126892 -0.26178
1.46E+15,0.331055,0.126892,-0.261719,-0.897705,0.331055 0.126892 -0.261719
1.46E+15,0.330994,0.126892,-0.261719,-0.897705,0.330994 0.126892 -0.261719
1.46E+15,0.330933,0.126892,-0.26178,-0.897705,0.330933 0.126892 -0.26178
1.46E+15,0.330933,0.126892,-0.26178,-0.897705,0.330933 0.126892 -0.26178
1.46E+15,0.33075,0.127014,-0.261902,-0.897766,0.33075 0.127014 -0.261902
1.46E+15,0.330688,0.127014,-0.261902,-0.897766,0.330688 0.127014 -0.261902
1.46E+15,0.330505,0.126892,-0.262024,-0.897766,0.330505 0.126892 -0.262024
1.46E+15,0.330505,0.126892,-0.262024,-0.897766,0.330505 0.126892 -0.262024
1.46E+15,0.330322,0.126831,-0.262146,-0.897827,0.330322 0.126831 -0.262146
1.46E+15,0.330078,0.12677,-0.262329,-0.897888,0.330078 0.12677 -0.262329
1.46E+15,0.330078,0.12677,-0.262329,-0.897888,0.330078 0.12677 -0.262329
1.46E+15,0.330017,0.12677,-0.262329,-0.897888,0.330017 0.12677 -0.262329
1.46E+15,0.330017,0.12677,-0.262329,-0.897888,0.330017 0.12677 -0.262329
